Using the latest cached version of the dataset since nuprl/stack-dedup-python-testgen-starcoder-filter-v2 couldn't be found on the Hugging Face Hub (offline mode is enabled).
Found the latest cached dataset configuration 'default' at /home/jac/.cache/huggingface/datasets/nuprl___stack-dedup-python-testgen-starcoder-filter-v2/default/0.0.0/e7d5fe3668d05af474eee556e092191614105e18 (last modified on Wed Aug  5 23:12:10 2026).
[14:38:30] corpus=157767 todo=135997 (skipped 21763 already done) workers=12 timeout=30s with_tests=False
[14:38:30] jac=/home/jac/repos/jaseci/.venv/bin/jac version='jac 0.36.1  (Linux x86_64)' commit=2e8a18b29
[14:38:36] 50/135997 pass=49 fail=1 (8.2/s, eta 277m)
[14:38:42] 100/135997 pass=99 fail=1 (8.4/s, eta 270m)
[14:38:47] 150/135997 pass=149 fail=1 (8.8/s, eta 258m)
[14:38:52] 200/135997 pass=199 fail=1 (9.0/s, eta 251m)
[14:38:57] 250/135997 pass=249 fail=1 (9.3/s, eta 243m)
[14:39:01] 300/135997 pass=299 fail=1 (9.5/s, eta 237m)
[14:39:06] 350/135997 pass=349 fail=1 (9.8/s, eta 232m)
[14:39:09] 400/135997 pass=399 fail=1 (10.1/s, eta 224m)
[14:39:13] 450/135997 pass=448 fail=2 (10.3/s, eta 219m)
[14:39:17] 500/135997 pass=498 fail=2 (10.7/s, eta 212m)
[14:39:20] 550/135997 pass=548 fail=2 (11.0/s, eta 205m)
[14:39:23] 600/135997 pass=597 fail=3 (11.2/s, eta 201m)
[14:39:27] 650/135997 pass=647 fail=3 (11.5/s, eta 197m)
[14:39:30] 700/135997 pass=697 fail=3 (11.7/s, eta 193m)
[14:39:33] 750/135997 pass=747 fail=3 (11.9/s, eta 189m)
[14:39:37] 800/135997 pass=797 fail=3 (12.0/s, eta 189m)
[14:39:40] 850/135997 pass=847 fail=3 (12.1/s, eta 186m)
[14:39:44] 900/135997 pass=897 fail=3 (12.1/s, eta 185m)
[14:39:48] 950/135997 pass=945 fail=5 (12.2/s, eta 185m)
[14:39:51] 1000/135997 pass=995 fail=5 (12.3/s, eta 183m)
[14:39:56] 1050/135997 pass=1044 fail=6 (12.2/s, eta 185m)
[14:40:00] 1100/135997 pass=1094 fail=6 (12.2/s, eta 185m)
[14:40:05] 1150/135997 pass=1144 fail=6 (12.1/s, eta 185m)
[14:40:09] 1200/135997 pass=1194 fail=6 (12.2/s, eta 185m)
[14:40:13] 1250/135997 pass=1244 fail=6 (12.1/s, eta 185m)
[14:40:16] 1300/135997 pass=1294 fail=6 (12.2/s, eta 184m)
[14:40:20] 1350/135997 pass=1344 fail=6 (12.2/s, eta 183m)
[14:40:24] 1400/135997 pass=1394 fail=6 (12.3/s, eta 183m)
[14:40:28] 1450/135997 pass=1443 fail=7 (12.3/s, eta 182m)
[14:40:31] 1500/135997 pass=1493 fail=7 (12.4/s, eta 181m)
[14:40:35] 1550/135997 pass=1543 fail=7 (12.4/s, eta 180m)
[14:40:38] 1600/135997 pass=1593 fail=7 (12.5/s, eta 179m)
[14:40:41] 1650/135997 pass=1640 fail=10 (12.6/s, eta 178m)
[14:40:44] 1700/135997 pass=1690 fail=10 (12.6/s, eta 177m)
[14:40:48] 1750/135997 pass=1739 fail=11 (12.7/s, eta 176m)
[14:40:51] 1800/135997 pass=1786 fail=14 (12.8/s, eta 175m)
[14:40:54] 1850/135997 pass=1835 fail=15 (12.8/s, eta 175m)
[14:40:58] 1900/135997 pass=1885 fail=15 (12.8/s, eta 175m)
[14:41:02] 1950/135997 pass=1935 fail=15 (12.8/s, eta 174m)
[14:41:05] 2000/135997 pass=1985 fail=15 (12.9/s, eta 174m)
[14:41:09] 2050/135997 pass=2035 fail=15 (12.9/s, eta 174m)
[14:41:13] 2100/135997 pass=2084 fail=16 (12.9/s, eta 174m)
[14:41:17] 2150/135997 pass=2134 fail=16 (12.8/s, eta 174m)
[14:41:21] 2200/135997 pass=2182 fail=18 (12.8/s, eta 174m)
[14:41:25] 2250/135997 pass=2231 fail=19 (12.8/s, eta 174m)
[14:41:29] 2300/135997 pass=2280 fail=20 (12.8/s, eta 174m)
[14:41:33] 2350/135997 pass=2330 fail=20 (12.9/s, eta 173m)
[14:41:36] 2400/135997 pass=2379 fail=21 (12.9/s, eta 173m)
[14:41:40] 2450/135997 pass=2429 fail=21 (12.9/s, eta 173m)
[14:41:44] 2500/135997 pass=2479 fail=21 (12.9/s, eta 172m)
[14:41:47] 2550/135997 pass=2527 fail=23 (13.0/s, eta 172m)
[14:41:50] 2600/135997 pass=2577 fail=23 (13.0/s, eta 171m)
[14:41:53] 2650/135997 pass=2627 fail=23 (13.1/s, eta 170m)
[14:41:56] 2700/135997 pass=2677 fail=23 (13.1/s, eta 170m)
[14:41:59] 2750/135997 pass=2727 fail=23 (13.1/s, eta 169m)
[14:42:03] 2800/135997 pass=2777 fail=23 (13.2/s, eta 169m)
[14:42:06] 2850/135997 pass=2827 fail=23 (13.2/s, eta 168m)
[14:42:10] 2900/135997 pass=2875 fail=25 (13.2/s, eta 168m)
[14:42:13] 2950/135997 pass=2925 fail=25 (13.2/s, eta 168m)
[14:42:17] 3000/135997 pass=2974 fail=26 (13.2/s, eta 168m)
[14:42:20] 3050/135997 pass=3024 fail=26 (13.2/s, eta 167m)
[14:42:24] 3100/135997 pass=3074 fail=26 (13.2/s, eta 167m)
[14:42:28] 3150/135997 pass=3124 fail=26 (13.2/s, eta 167m)
[14:42:32] 3200/135997 pass=3174 fail=26 (13.2/s, eta 167m)
[14:42:36] 3250/135997 pass=3224 fail=26 (13.2/s, eta 167m)
[14:42:40] 3300/135997 pass=3274 fail=26 (13.2/s, eta 168m)
[14:42:44] 3350/135997 pass=3324 fail=26 (13.2/s, eta 168m)
[14:42:49] 3400/135997 pass=3374 fail=26 (13.1/s, eta 168m)
[14:42:53] 3450/135997 pass=3423 fail=27 (13.1/s, eta 168m)
[14:42:57] 3500/135997 pass=3472 fail=28 (13.1/s, eta 168m)
[14:43:00] 3550/135997 pass=3521 fail=29 (13.1/s, eta 168m)
[14:43:04] 3600/135997 pass=3571 fail=29 (13.1/s, eta 168m)
[14:43:07] 3650/135997 pass=3621 fail=29 (13.2/s, eta 168m)
[14:43:11] 3700/135997 pass=3671 fail=29 (13.2/s, eta 168m)
[14:43:14] 3750/135997 pass=3720 fail=30 (13.2/s, eta 167m)
[14:43:18] 3800/135997 pass=3768 fail=32 (13.2/s, eta 167m)
[14:43:21] 3850/135997 pass=3817 fail=33 (13.2/s, eta 167m)
[14:43:25] 3900/135997 pass=3867 fail=33 (13.2/s, eta 167m)
[14:43:29] 3950/135997 pass=3916 fail=34 (13.2/s, eta 167m)
[14:43:32] 4000/135997 pass=3966 fail=34 (13.2/s, eta 166m)
[14:43:36] 4050/135997 pass=4016 fail=34 (13.2/s, eta 166m)
[14:43:40] 4100/135997 pass=4066 fail=34 (13.2/s, eta 166m)
[14:43:45] 4150/135997 pass=4116 fail=34 (13.2/s, eta 167m)
[14:43:49] 4200/135997 pass=4166 fail=34 (13.1/s, eta 167m)
[14:43:54] 4250/135997 pass=4216 fail=34 (13.1/s, eta 167m)
[14:43:58] 4300/135997 pass=4266 fail=34 (13.1/s, eta 168m)
[14:44:03] 4350/135997 pass=4316 fail=34 (13.1/s, eta 168m)
[14:44:07] 4400/135997 pass=4366 fail=34 (13.0/s, eta 168m)
[14:44:11] 4450/135997 pass=4416 fail=34 (13.1/s, eta 168m)
[14:44:14] 4500/135997 pass=4466 fail=34 (13.1/s, eta 168m)
[14:44:18] 4550/135997 pass=4516 fail=34 (13.1/s, eta 168m)
[14:44:21] 4600/135997 pass=4565 fail=35 (13.1/s, eta 167m)
[14:44:25] 4650/135997 pass=4615 fail=35 (13.1/s, eta 167m)
[14:44:29] 4700/135997 pass=4663 fail=37 (13.1/s, eta 167m)
[14:44:32] 4750/135997 pass=4712 fail=38 (13.1/s, eta 167m)
[14:44:36] 4800/135997 pass=4762 fail=38 (13.1/s, eta 167m)
[14:44:40] 4850/135997 pass=4811 fail=39 (13.1/s, eta 167m)
[14:44:44] 4900/135997 pass=4861 fail=39 (13.1/s, eta 167m)
[14:44:48] 4950/135997 pass=4910 fail=40 (13.1/s, eta 167m)
[14:44:52] 5000/135997 pass=4960 fail=40 (13.1/s, eta 167m)
[14:44:56] 5050/135997 pass=5010 fail=40 (13.1/s, eta 167m)
[14:45:00] 5100/135997 pass=5059 fail=41 (13.1/s, eta 167m)
[14:45:03] 5150/135997 pass=5109 fail=41 (13.1/s, eta 167m)
[14:45:07] 5200/135997 pass=5158 fail=42 (13.1/s, eta 167m)
[14:45:11] 5250/135997 pass=5208 fail=42 (13.1/s, eta 166m)
[14:45:15] 5300/135997 pass=5257 fail=43 (13.1/s, eta 166m)
[14:45:19] 5350/135997 pass=5307 fail=43 (13.1/s, eta 166m)
[14:45:23] 5400/135997 pass=5357 fail=43 (13.1/s, eta 167m)
[14:45:27] 5450/135997 pass=5407 fail=43 (13.1/s, eta 167m)
[14:45:31] 5500/135997 pass=5456 fail=44 (13.1/s, eta 167m)
[14:45:35] 5550/135997 pass=5505 fail=45 (13.1/s, eta 166m)
[14:45:39] 5600/135997 pass=5555 fail=45 (13.1/s, eta 166m)
[14:45:43] 5650/135997 pass=5605 fail=45 (13.1/s, eta 166m)
[14:45:47] 5700/135997 pass=5654 fail=46 (13.1/s, eta 166m)
[14:45:50] 5750/135997 pass=5704 fail=46 (13.1/s, eta 166m)
[14:45:54] 5800/135997 pass=5754 fail=46 (13.1/s, eta 166m)
[14:45:58] 5850/135997 pass=5804 fail=46 (13.0/s, eta 166m)
[14:46:03] 5900/135997 pass=5854 fail=46 (13.0/s, eta 166m)
[14:46:07] 5950/135997 pass=5903 fail=47 (13.0/s, eta 166m)
[14:46:11] 6000/135997 pass=5953 fail=47 (13.0/s, eta 167m)
[14:46:15] 6050/135997 pass=6003 fail=47 (13.0/s, eta 167m)
[14:46:19] 6100/135997 pass=6052 fail=48 (13.0/s, eta 167m)
[14:46:24] 6150/135997 pass=6102 fail=48 (13.0/s, eta 167m)
[14:46:30] 6200/135997 pass=6152 fail=48 (12.9/s, eta 168m)
[14:46:37] 6250/135997 pass=6201 fail=49 (12.8/s, eta 169m)
[14:46:42] 6300/135997 pass=6251 fail=49 (12.8/s, eta 169m)
[14:46:46] 6350/135997 pass=6300 fail=50 (12.8/s, eta 169m)
[14:46:51] 6400/135997 pass=6350 fail=50 (12.8/s, eta 169m)
[14:46:56] 6450/135997 pass=6399 fail=51 (12.8/s, eta 169m)
[14:47:00] 6500/135997 pass=6448 fail=52 (12.7/s, eta 169m)
[14:47:05] 6550/135997 pass=6498 fail=52 (12.7/s, eta 170m)
[14:47:08] 6600/135997 pass=6548 fail=52 (12.7/s, eta 169m)
[14:47:13] 6650/135997 pass=6598 fail=52 (12.7/s, eta 169m)
[14:47:16] 6700/135997 pass=6648 fail=52 (12.7/s, eta 169m)
[14:47:20] 6750/135997 pass=6698 fail=52 (12.7/s, eta 169m)
[14:47:25] 6800/135997 pass=6748 fail=52 (12.7/s, eta 169m)
[14:47:30] 6850/135997 pass=6798 fail=52 (12.7/s, eta 170m)
[14:47:34] 6900/135997 pass=6847 fail=53 (12.7/s, eta 170m)
[14:47:38] 6950/135997 pass=6896 fail=54 (12.7/s, eta 170m)
[14:47:42] 7000/135997 pass=6946 fail=54 (12.7/s, eta 170m)
[14:47:46] 7050/135997 pass=6996 fail=54 (12.7/s, eta 170m)
[14:47:50] 7100/135997 pass=7045 fail=55 (12.7/s, eta 170m)
[14:47:54] 7150/135997 pass=7095 fail=55 (12.7/s, eta 170m)
[14:47:58] 7200/135997 pass=7145 fail=55 (12.7/s, eta 169m)
[14:48:02] 7250/135997 pass=7194 fail=56 (12.7/s, eta 169m)
[14:48:07] 7300/135997 pass=7244 fail=56 (12.7/s, eta 169m)
[14:48:11] 7350/135997 pass=7293 fail=57 (12.6/s, eta 170m)
[14:48:16] 7400/135997 pass=7343 fail=57 (12.6/s, eta 170m)
[14:48:20] 7450/135997 pass=7393 fail=57 (12.6/s, eta 170m)
[14:48:25] 7500/135997 pass=7443 fail=57 (12.6/s, eta 170m)
[14:48:29] 7550/135997 pass=7493 fail=57 (12.6/s, eta 170m)
[14:48:33] 7600/135997 pass=7543 fail=57 (12.6/s, eta 170m)
[14:48:38] 7650/135997 pass=7592 fail=58 (12.6/s, eta 170m)
[14:48:43] 7700/135997 pass=7642 fail=58 (12.6/s, eta 170m)
[14:48:46] 7750/135997 pass=7688 fail=62 (12.6/s, eta 170m)
[14:48:51] 7800/135997 pass=7738 fail=62 (12.6/s, eta 170m)
[14:48:54] 7850/135997 pass=7787 fail=63 (12.6/s, eta 170m)
[14:48:58] 7900/135997 pass=7837 fail=63 (12.6/s, eta 170m)
[14:49:02] 7950/135997 pass=7886 fail=64 (12.6/s, eta 170m)
[14:49:07] 8000/135997 pass=7936 fail=64 (12.6/s, eta 170m)
[14:49:11] 8050/135997 pass=7985 fail=65 (12.6/s, eta 170m)
[14:49:15] 8100/135997 pass=8035 fail=65 (12.6/s, eta 170m)
[14:49:19] 8150/135997 pass=8085 fail=65 (12.6/s, eta 170m)
[14:49:23] 8200/135997 pass=8134 fail=66 (12.6/s, eta 170m)
[14:49:27] 8250/135997 pass=8184 fail=66 (12.6/s, eta 170m)
[14:49:32] 8300/135997 pass=8234 fail=66 (12.5/s, eta 170m)
[14:49:37] 8350/135997 pass=8283 fail=67 (12.5/s, eta 170m)
[14:49:41] 8400/135997 pass=8333 fail=67 (12.5/s, eta 170m)
[14:49:45] 8450/135997 pass=8382 fail=68 (12.5/s, eta 170m)
[14:49:49] 8500/135997 pass=8432 fail=68 (12.5/s, eta 170m)
[14:49:53] 8550/135997 pass=8482 fail=68 (12.5/s, eta 170m)
[14:49:57] 8600/135997 pass=8531 fail=69 (12.5/s, eta 170m)
[14:50:01] 8650/135997 pass=8581 fail=69 (12.5/s, eta 170m)
[14:50:05] 8700/135997 pass=8630 fail=70 (12.5/s, eta 169m)
[14:50:09] 8750/135997 pass=8680 fail=70 (12.5/s, eta 169m)
[14:50:13] 8800/135997 pass=8730 fail=70 (12.5/s, eta 169m)
[14:50:17] 8850/135997 pass=8780 fail=70 (12.5/s, eta 169m)
[14:50:21] 8900/135997 pass=8829 fail=71 (12.5/s, eta 169m)
[14:50:24] 8950/135997 pass=8879 fail=71 (12.5/s, eta 169m)
[14:50:27] 9000/135997 pass=8928 fail=72 (12.6/s, eta 169m)
[14:50:30] 9050/135997 pass=8978 fail=72 (12.6/s, eta 168m)
[14:50:35] 9100/135997 pass=9027 fail=73 (12.6/s, eta 168m)
[14:50:38] 9150/135997 pass=9077 fail=73 (12.6/s, eta 168m)
[14:50:42] 9200/135997 pass=9126 fail=74 (12.6/s, eta 168m)
[14:50:47] 9250/135997 pass=9176 fail=74 (12.6/s, eta 168m)
[14:50:51] 9300/135997 pass=9225 fail=75 (12.5/s, eta 168m)
[14:50:56] 9350/135997 pass=9275 fail=75 (12.5/s, eta 168m)
[14:51:01] 9400/135997 pass=9325 fail=75 (12.5/s, eta 169m)
[14:51:06] 9450/135997 pass=9375 fail=75 (12.5/s, eta 169m)
[14:51:10] 9500/135997 pass=9424 fail=76 (12.5/s, eta 169m)
[14:51:15] 9550/135997 pass=9474 fail=76 (12.5/s, eta 169m)
[14:51:18] 9600/135997 pass=9524 fail=76 (12.5/s, eta 169m)
[14:51:22] 9650/135997 pass=9574 fail=76 (12.5/s, eta 168m)
[14:51:26] 9700/135997 pass=9623 fail=77 (12.5/s, eta 169m)
[14:51:31] 9750/135997 pass=9673 fail=77 (12.5/s, eta 169m)
[14:51:35] 9800/135997 pass=9723 fail=77 (12.5/s, eta 168m)
[14:51:39] 9850/135997 pass=9772 fail=78 (12.5/s, eta 168m)
[14:51:43] 9900/135997 pass=9822 fail=78 (12.5/s, eta 168m)
[14:51:47] 9950/135997 pass=9872 fail=78 (12.5/s, eta 168m)
[14:51:50] 10000/135997 pass=9922 fail=78 (12.5/s, eta 168m)
[14:51:54] 10050/135997 pass=9972 fail=78 (12.5/s, eta 168m)
[14:51:58] 10100/135997 pass=10022 fail=78 (12.5/s, eta 168m)
[14:52:02] 10150/135997 pass=10072 fail=78 (12.5/s, eta 168m)
[14:52:06] 10200/135997 pass=10122 fail=78 (12.5/s, eta 168m)
[14:52:11] 10250/135997 pass=10172 fail=78 (12.5/s, eta 168m)
[14:52:15] 10300/135997 pass=10221 fail=79 (12.5/s, eta 168m)
[14:52:19] 10350/135997 pass=10271 fail=79 (12.5/s, eta 168m)
[14:52:24] 10400/135997 pass=10321 fail=79 (12.5/s, eta 168m)
[14:52:28] 10450/135997 pass=10371 fail=79 (12.5/s, eta 168m)
[14:52:32] 10500/135997 pass=10421 fail=79 (12.5/s, eta 168m)
[14:52:36] 10550/135997 pass=10471 fail=79 (12.5/s, eta 168m)
[14:52:40] 10600/135997 pass=10520 fail=80 (12.5/s, eta 168m)
[14:52:44] 10650/135997 pass=10570 fail=80 (12.5/s, eta 168m)
[14:52:48] 10700/135997 pass=10620 fail=80 (12.5/s, eta 168m)
[14:52:53] 10750/135997 pass=10670 fail=80 (12.5/s, eta 168m)
[14:52:57] 10800/135997 pass=10719 fail=81 (12.4/s, eta 168m)
[14:53:01] 10850/135997 pass=10767 fail=83 (12.5/s, eta 167m)
[14:53:04] 10900/135997 pass=10816 fail=84 (12.5/s, eta 167m)
[14:53:08] 10950/135997 pass=10866 fail=84 (12.5/s, eta 167m)
[14:53:11] 11000/135997 pass=10914 fail=86 (12.5/s, eta 167m)
[14:53:15] 11050/135997 pass=10964 fail=86 (12.5/s, eta 167m)
[14:53:18] 11100/135997 pass=11013 fail=87 (12.5/s, eta 167m)
[14:53:22] 11150/135997 pass=11063 fail=87 (12.5/s, eta 167m)
[14:53:26] 11200/135997 pass=11112 fail=88 (12.5/s, eta 167m)
[14:53:31] 11250/135997 pass=11161 fail=89 (12.5/s, eta 167m)
[14:53:34] 11300/135997 pass=11210 fail=90 (12.5/s, eta 166m)
[14:53:39] 11350/135997 pass=11260 fail=90 (12.5/s, eta 166m)
[14:53:44] 11400/135997 pass=11310 fail=90 (12.5/s, eta 166m)
[14:53:48] 11450/135997 pass=11360 fail=90 (12.5/s, eta 167m)
[14:53:53] 11500/135997 pass=11410 fail=90 (12.5/s, eta 167m)
[14:53:57] 11550/135997 pass=11459 fail=91 (12.5/s, eta 167m)
[14:54:02] 11600/135997 pass=11508 fail=92 (12.4/s, eta 167m)
[14:54:07] 11650/135997 pass=11558 fail=92 (12.4/s, eta 167m)
[14:54:12] 11700/135997 pass=11608 fail=92 (12.4/s, eta 167m)
[14:54:16] 11750/135997 pass=11658 fail=92 (12.4/s, eta 167m)
[14:54:19] 11800/135997 pass=11707 fail=93 (12.4/s, eta 167m)
[14:54:22] 11850/135997 pass=11757 fail=93 (12.4/s, eta 166m)
[14:54:26] 11900/135997 pass=11807 fail=93 (12.4/s, eta 166m)
[14:54:30] 11950/135997 pass=11857 fail=93 (12.5/s, eta 166m)
[14:54:33] 12000/135997 pass=11907 fail=93 (12.5/s, eta 166m)
[14:54:37] 12050/135997 pass=11957 fail=93 (12.5/s, eta 166m)
[14:54:40] 12100/135997 pass=12005 fail=95 (12.5/s, eta 166m)
[14:54:44] 12150/135997 pass=12054 fail=96 (12.5/s, eta 166m)
[14:54:48] 12200/135997 pass=12103 fail=97 (12.5/s, eta 165m)
[14:54:52] 12250/135997 pass=12153 fail=97 (12.5/s, eta 165m)
[14:54:56] 12300/135997 pass=12203 fail=97 (12.5/s, eta 165m)
[14:55:00] 12350/135997 pass=12253 fail=97 (12.5/s, eta 165m)
[14:55:04] 12400/135997 pass=12301 fail=99 (12.5/s, eta 165m)
[14:55:09] 12450/135997 pass=12350 fail=100 (12.5/s, eta 165m)
[14:55:13] 12500/135997 pass=12400 fail=100 (12.5/s, eta 165m)
[14:55:17] 12550/135997 pass=12450 fail=100 (12.5/s, eta 165m)
[14:55:21] 12600/135997 pass=12500 fail=100 (12.5/s, eta 165m)
[14:55:25] 12650/135997 pass=12550 fail=100 (12.5/s, eta 165m)
[14:55:29] 12700/135997 pass=12600 fail=100 (12.5/s, eta 165m)
[14:55:33] 12750/135997 pass=12649 fail=101 (12.5/s, eta 165m)
[14:55:37] 12800/135997 pass=12698 fail=102 (12.5/s, eta 165m)
[14:55:42] 12850/135997 pass=12748 fail=102 (12.5/s, eta 165m)
[14:55:45] 12900/135997 pass=12798 fail=102 (12.5/s, eta 165m)
[14:55:49] 12950/135997 pass=12848 fail=102 (12.5/s, eta 165m)
[14:55:52] 13000/135997 pass=12898 fail=102 (12.5/s, eta 164m)
[14:55:56] 13050/135997 pass=12946 fail=104 (12.5/s, eta 164m)
[14:55:59] 13100/135997 pass=12996 fail=104 (12.5/s, eta 164m)
[14:56:03] 13150/135997 pass=13046 fail=104 (12.5/s, eta 164m)
[14:56:06] 13200/135997 pass=13096 fail=104 (12.5/s, eta 164m)
[14:56:10] 13250/135997 pass=13146 fail=104 (12.5/s, eta 164m)
[14:56:14] 13300/135997 pass=13195 fail=105 (12.5/s, eta 164m)
[14:56:18] 13350/135997 pass=13245 fail=105 (12.5/s, eta 164m)
[14:56:22] 13400/135997 pass=13293 fail=107 (12.5/s, eta 163m)
[14:56:26] 13450/135997 pass=13343 fail=107 (12.5/s, eta 163m)
[14:56:30] 13500/135997 pass=13393 fail=107 (12.5/s, eta 163m)
[14:56:35] 13550/135997 pass=13442 fail=108 (12.5/s, eta 163m)
[14:56:39] 13600/135997 pass=13492 fail=108 (12.5/s, eta 163m)
[14:56:44] 13650/135997 pass=13542 fail=108 (12.5/s, eta 163m)
[14:56:49] 13700/135997 pass=13591 fail=109 (12.5/s, eta 164m)
[14:56:53] 13750/135997 pass=13640 fail=110 (12.5/s, eta 164m)
[14:56:57] 13800/135997 pass=13690 fail=110 (12.5/s, eta 163m)
[14:57:02] 13850/135997 pass=13739 fail=111 (12.5/s, eta 163m)
[14:57:05] 13900/135997 pass=13787 fail=113 (12.5/s, eta 163m)
[14:57:09] 13950/135997 pass=13837 fail=113 (12.5/s, eta 163m)
[14:57:12] 14000/135997 pass=13886 fail=114 (12.5/s, eta 163m)
[14:57:16] 14050/135997 pass=13936 fail=114 (12.5/s, eta 163m)
[14:57:19] 14100/135997 pass=13986 fail=114 (12.5/s, eta 163m)
[14:57:23] 14150/135997 pass=14034 fail=116 (12.5/s, eta 163m)
[14:57:26] 14200/135997 pass=14084 fail=116 (12.5/s, eta 162m)
[14:57:29] 14250/135997 pass=14134 fail=116 (12.5/s, eta 162m)
[14:57:33] 14300/135997 pass=14182 fail=118 (12.5/s, eta 162m)
[14:57:37] 14350/135997 pass=14232 fail=118 (12.5/s, eta 162m)
[14:57:40] 14400/135997 pass=14282 fail=118 (12.5/s, eta 162m)
[14:57:44] 14450/135997 pass=14332 fail=118 (12.5/s, eta 162m)
[14:57:50] 14500/135997 pass=14382 fail=118 (12.5/s, eta 162m)
[14:57:57] 14550/135997 pass=14432 fail=118 (12.5/s, eta 162m)
[14:58:03] 14600/135997 pass=14482 fail=118 (12.4/s, eta 163m)
[14:58:09] 14650/135997 pass=14532 fail=118 (12.4/s, eta 163m)
[14:58:15] 14700/135997 pass=14581 fail=119 (12.4/s, eta 163m)
[14:58:20] 14750/135997 pass=14631 fail=119 (12.4/s, eta 163m)
[14:58:25] 14800/135997 pass=14681 fail=119 (12.4/s, eta 163m)
[14:58:30] 14850/135997 pass=14731 fail=119 (12.4/s, eta 163m)
[14:58:36] 14900/135997 pass=14781 fail=119 (12.3/s, eta 163m)
[14:58:42] 14950/135997 pass=14830 fail=120 (12.3/s, eta 164m)
[14:58:46] 15000/135997 pass=14879 fail=121 (12.3/s, eta 164m)
[14:58:50] 15050/135997 pass=14929 fail=121 (12.3/s, eta 163m)
[14:58:53] 15100/135997 pass=14978 fail=122 (12.3/s, eta 163m)
[14:58:56] 15150/135997 pass=15025 fail=125 (12.4/s, eta 163m)
[14:59:00] 15200/135997 pass=15075 fail=125 (12.4/s, eta 163m)
[14:59:03] 15250/135997 pass=15125 fail=125 (12.4/s, eta 163m)
[14:59:07] 15300/135997 pass=15175 fail=125 (12.4/s, eta 163m)
[14:59:10] 15350/135997 pass=15224 fail=126 (12.4/s, eta 162m)
[14:59:14] 15400/135997 pass=15273 fail=127 (12.4/s, eta 162m)
[14:59:17] 15450/135997 pass=15322 fail=128 (12.4/s, eta 162m)
[14:59:21] 15500/135997 pass=15372 fail=128 (12.4/s, eta 162m)
[14:59:25] 15550/135997 pass=15422 fail=128 (12.4/s, eta 162m)
[14:59:29] 15600/135997 pass=15471 fail=129 (12.4/s, eta 162m)
[14:59:34] 15650/135997 pass=15521 fail=129 (12.4/s, eta 162m)
[14:59:38] 15700/135997 pass=15571 fail=129 (12.4/s, eta 162m)
[14:59:41] 15750/135997 pass=15621 fail=129 (12.4/s, eta 162m)
[14:59:45] 15800/135997 pass=15671 fail=129 (12.4/s, eta 162m)
[14:59:49] 15850/135997 pass=15720 fail=130 (12.4/s, eta 162m)
[14:59:53] 15900/135997 pass=15770 fail=130 (12.4/s, eta 162m)
[14:59:57] 15950/135997 pass=15819 fail=131 (12.4/s, eta 161m)
[15:00:00] 16000/135997 pass=15868 fail=132 (12.4/s, eta 161m)
[15:00:03] 16050/135997 pass=15918 fail=132 (12.4/s, eta 161m)
[15:00:07] 16100/135997 pass=15967 fail=133 (12.4/s, eta 161m)
[15:00:10] 16150/135997 pass=16017 fail=133 (12.4/s, eta 161m)
[15:00:14] 16200/135997 pass=16067 fail=133 (12.4/s, eta 161m)
[15:00:17] 16250/135997 pass=16117 fail=133 (12.4/s, eta 161m)
[15:00:20] 16300/135997 pass=16166 fail=134 (12.4/s, eta 160m)
[15:00:24] 16350/135997 pass=16216 fail=134 (12.4/s, eta 160m)
[15:00:27] 16400/135997 pass=16266 fail=134 (12.4/s, eta 160m)
[15:00:31] 16450/135997 pass=16316 fail=134 (12.5/s, eta 160m)
[15:00:34] 16500/135997 pass=16366 fail=134 (12.5/s, eta 160m)
[15:00:38] 16550/135997 pass=16416 fail=134 (12.5/s, eta 160m)
[15:00:42] 16600/135997 pass=16464 fail=136 (12.5/s, eta 160m)
[15:00:46] 16650/135997 pass=16514 fail=136 (12.5/s, eta 160m)
[15:00:50] 16700/135997 pass=16564 fail=136 (12.5/s, eta 160m)
[15:00:54] 16750/135997 pass=16614 fail=136 (12.5/s, eta 159m)
[15:00:58] 16800/135997 pass=16664 fail=136 (12.5/s, eta 159m)
[15:01:01] 16850/135997 pass=16714 fail=136 (12.5/s, eta 159m)
[15:01:05] 16900/135997 pass=16764 fail=136 (12.5/s, eta 159m)
[15:01:08] 16950/135997 pass=16814 fail=136 (12.5/s, eta 159m)
[15:01:12] 17000/135997 pass=16864 fail=136 (12.5/s, eta 159m)
[15:01:15] 17050/135997 pass=16914 fail=136 (12.5/s, eta 159m)
[15:01:18] 17100/135997 pass=16963 fail=137 (12.5/s, eta 159m)
[15:01:21] 17150/135997 pass=17013 fail=137 (12.5/s, eta 158m)
[15:01:25] 17200/135997 pass=17062 fail=138 (12.5/s, eta 158m)
[15:01:28] 17250/135997 pass=17110 fail=140 (12.5/s, eta 158m)
[15:01:31] 17300/135997 pass=17159 fail=141 (12.5/s, eta 158m)
[15:01:35] 17350/135997 pass=17208 fail=142 (12.5/s, eta 158m)
[15:01:38] 17400/135997 pass=17257 fail=143 (12.5/s, eta 158m)
[15:01:42] 17450/135997 pass=17307 fail=143 (12.5/s, eta 158m)
[15:01:45] 17500/135997 pass=17357 fail=143 (12.5/s, eta 157m)
[15:01:49] 17550/135997 pass=17407 fail=143 (12.5/s, eta 157m)
[15:01:53] 17600/135997 pass=17457 fail=143 (12.5/s, eta 157m)
[15:01:57] 17650/135997 pass=17506 fail=144 (12.5/s, eta 157m)
[15:02:01] 17700/135997 pass=17556 fail=144 (12.5/s, eta 157m)
[15:02:04] 17750/135997 pass=17606 fail=144 (12.5/s, eta 157m)
[15:02:08] 17800/135997 pass=17655 fail=145 (12.6/s, eta 157m)
[15:02:12] 17850/135997 pass=17705 fail=145 (12.6/s, eta 157m)
[15:02:15] 17900/135997 pass=17754 fail=146 (12.6/s, eta 157m)
[15:02:19] 17950/135997 pass=17804 fail=146 (12.6/s, eta 157m)
[15:02:23] 18000/135997 pass=17851 fail=149 (12.6/s, eta 157m)
[15:02:26] 18050/135997 pass=17901 fail=149 (12.6/s, eta 156m)
[15:02:29] 18100/135997 pass=17950 fail=150 (12.6/s, eta 156m)
[15:02:33] 18150/135997 pass=18000 fail=150 (12.6/s, eta 156m)
[15:02:36] 18200/135997 pass=18050 fail=150 (12.6/s, eta 156m)
[15:02:39] 18250/135997 pass=18100 fail=150 (12.6/s, eta 156m)
[15:02:43] 18300/135997 pass=18150 fail=150 (12.6/s, eta 156m)
[15:02:46] 18350/135997 pass=18199 fail=151 (12.6/s, eta 156m)
[15:02:49] 18400/135997 pass=18248 fail=152 (12.6/s, eta 155m)
[15:02:53] 18450/135997 pass=18297 fail=153 (12.6/s, eta 155m)
[15:02:56] 18500/135997 pass=18346 fail=154 (12.6/s, eta 155m)
[15:03:00] 18550/135997 pass=18396 fail=154 (12.6/s, eta 155m)
[15:03:03] 18600/135997 pass=18446 fail=154 (12.6/s, eta 155m)
[15:03:07] 18650/135997 pass=18496 fail=154 (12.6/s, eta 155m)
[15:03:11] 18700/135997 pass=18546 fail=154 (12.6/s, eta 155m)
[15:03:16] 18750/135997 pass=18596 fail=154 (12.6/s, eta 155m)
[15:03:20] 18800/135997 pass=18646 fail=154 (12.6/s, eta 155m)
[15:03:24] 18850/135997 pass=18696 fail=154 (12.6/s, eta 155m)
[15:03:27] 18900/135997 pass=18746 fail=154 (12.6/s, eta 155m)
[15:03:30] 18950/135997 pass=18796 fail=154 (12.6/s, eta 154m)
[15:03:34] 19000/135997 pass=18846 fail=154 (12.6/s, eta 154m)
[15:03:37] 19050/135997 pass=18896 fail=154 (12.6/s, eta 154m)
[15:03:41] 19100/135997 pass=18946 fail=154 (12.6/s, eta 154m)
[15:03:44] 19150/135997 pass=18996 fail=154 (12.6/s, eta 154m)
[15:03:47] 19200/135997 pass=19046 fail=154 (12.7/s, eta 154m)
[15:03:51] 19250/135997 pass=19096 fail=154 (12.7/s, eta 154m)
[15:03:54] 19300/135997 pass=19146 fail=154 (12.7/s, eta 154m)
[15:03:58] 19350/135997 pass=19196 fail=154 (12.7/s, eta 154m)
[15:04:01] 19400/135997 pass=19245 fail=155 (12.7/s, eta 153m)
[15:04:05] 19450/135997 pass=19293 fail=157 (12.7/s, eta 153m)
[15:04:08] 19500/135997 pass=19343 fail=157 (12.7/s, eta 153m)
[15:04:12] 19550/135997 pass=19393 fail=157 (12.7/s, eta 153m)
[15:04:16] 19600/135997 pass=19443 fail=157 (12.7/s, eta 153m)
[15:04:20] 19650/135997 pass=19493 fail=157 (12.7/s, eta 153m)
[15:04:24] 19700/135997 pass=19543 fail=157 (12.7/s, eta 153m)
[15:04:28] 19750/135997 pass=19593 fail=157 (12.7/s, eta 153m)
[15:04:32] 19800/135997 pass=19643 fail=157 (12.7/s, eta 153m)
[15:04:36] 19850/135997 pass=19692 fail=158 (12.7/s, eta 153m)
[15:04:39] 19900/135997 pass=19741 fail=159 (12.7/s, eta 153m)
[15:04:43] 19950/135997 pass=19791 fail=159 (12.7/s, eta 152m)
[15:04:46] 20000/135997 pass=19840 fail=160 (12.7/s, eta 152m)
[15:04:50] 20050/135997 pass=19890 fail=160 (12.7/s, eta 152m)
[15:04:53] 20100/135997 pass=19940 fail=160 (12.7/s, eta 152m)
[15:04:56] 20150/135997 pass=19990 fail=160 (12.7/s, eta 152m)
[15:04:59] 20200/135997 pass=20039 fail=161 (12.7/s, eta 152m)
[15:05:03] 20250/135997 pass=20089 fail=161 (12.7/s, eta 152m)
[15:05:06] 20300/135997 pass=20138 fail=162 (12.7/s, eta 152m)
[15:05:09] 20350/135997 pass=20188 fail=162 (12.7/s, eta 151m)
[15:05:12] 20400/135997 pass=20236 fail=164 (12.7/s, eta 151m)
[15:05:16] 20450/135997 pass=20286 fail=164 (12.7/s, eta 151m)
[15:05:19] 20500/135997 pass=20336 fail=164 (12.7/s, eta 151m)
[15:05:23] 20550/135997 pass=20386 fail=164 (12.7/s, eta 151m)
[15:05:26] 20600/135997 pass=20436 fail=164 (12.7/s, eta 151m)
[15:05:30] 20650/135997 pass=20486 fail=164 (12.7/s, eta 151m)
[15:05:34] 20700/135997 pass=20536 fail=164 (12.7/s, eta 151m)
[15:05:38] 20750/135997 pass=20586 fail=164 (12.7/s, eta 151m)
[15:05:42] 20800/135997 pass=20636 fail=164 (12.7/s, eta 151m)
[15:05:45] 20850/135997 pass=20686 fail=164 (12.7/s, eta 151m)
[15:05:49] 20900/135997 pass=20736 fail=164 (12.7/s, eta 150m)
[15:05:53] 20950/135997 pass=20786 fail=164 (12.8/s, eta 150m)
[15:05:56] 21000/135997 pass=20834 fail=166 (12.8/s, eta 150m)
[15:06:00] 21050/135997 pass=20884 fail=166 (12.8/s, eta 150m)
[15:06:03] 21100/135997 pass=20934 fail=166 (12.8/s, eta 150m)
[15:06:06] 21150/135997 pass=20984 fail=166 (12.8/s, eta 150m)
[15:06:09] 21200/135997 pass=21034 fail=166 (12.8/s, eta 150m)
[15:06:12] 21250/135997 pass=21084 fail=166 (12.8/s, eta 150m)
[15:06:16] 21300/135997 pass=21134 fail=166 (12.8/s, eta 150m)
[15:06:20] 21350/135997 pass=21183 fail=167 (12.8/s, eta 149m)
[15:06:23] 21400/135997 pass=21233 fail=167 (12.8/s, eta 149m)
[15:06:26] 21450/135997 pass=21283 fail=167 (12.8/s, eta 149m)
[15:06:30] 21500/135997 pass=21333 fail=167 (12.8/s, eta 149m)
[15:06:33] 21550/135997 pass=21383 fail=167 (12.8/s, eta 149m)
[15:06:37] 21600/135997 pass=21433 fail=167 (12.8/s, eta 149m)
[15:06:40] 21650/135997 pass=21482 fail=168 (12.8/s, eta 149m)
[15:06:44] 21700/135997 pass=21532 fail=168 (12.8/s, eta 149m)
[15:06:48] 21750/135997 pass=21581 fail=169 (12.8/s, eta 149m)
[15:06:52] 21800/135997 pass=21631 fail=169 (12.8/s, eta 149m)
[15:06:55] 21850/135997 pass=21681 fail=169 (12.8/s, eta 149m)
[15:07:00] 21900/135997 pass=21730 fail=170 (12.8/s, eta 149m)
[15:07:04] 21950/135997 pass=21780 fail=170 (12.8/s, eta 148m)
[15:07:08] 22000/135997 pass=21829 fail=171 (12.8/s, eta 148m)
[15:07:12] 22050/135997 pass=21879 fail=171 (12.8/s, eta 148m)
[15:07:17] 22100/135997 pass=21929 fail=171 (12.8/s, eta 148m)
[15:07:20] 22150/135997 pass=21979 fail=171 (12.8/s, eta 148m)
[15:07:23] 22200/135997 pass=22029 fail=171 (12.8/s, eta 148m)
[15:07:27] 22250/135997 pass=22079 fail=171 (12.8/s, eta 148m)
[15:07:31] 22300/135997 pass=22128 fail=172 (12.8/s, eta 148m)
[15:07:35] 22350/135997 pass=22178 fail=172 (12.8/s, eta 148m)
[15:07:38] 22400/135997 pass=22228 fail=172 (12.8/s, eta 148m)
[15:07:42] 22450/135997 pass=22277 fail=173 (12.8/s, eta 148m)
[15:07:46] 22500/135997 pass=22327 fail=173 (12.8/s, eta 148m)
[15:07:50] 22550/135997 pass=22375 fail=175 (12.8/s, eta 148m)
[15:07:54] 22600/135997 pass=22425 fail=175 (12.8/s, eta 147m)
[15:07:58] 22650/135997 pass=22475 fail=175 (12.8/s, eta 147m)
[15:08:02] 22700/135997 pass=22525 fail=175 (12.8/s, eta 147m)
[15:08:07] 22750/135997 pass=22575 fail=175 (12.8/s, eta 147m)
[15:08:11] 22800/135997 pass=22625 fail=175 (12.8/s, eta 147m)
[15:08:15] 22850/135997 pass=22675 fail=175 (12.8/s, eta 147m)
[15:08:20] 22900/135997 pass=22723 fail=177 (12.8/s, eta 147m)
[15:08:24] 22950/135997 pass=22773 fail=177 (12.8/s, eta 147m)
[15:08:28] 23000/135997 pass=22823 fail=177 (12.8/s, eta 147m)
[15:08:32] 23050/135997 pass=22873 fail=177 (12.8/s, eta 147m)
[15:08:36] 23100/135997 pass=22921 fail=179 (12.8/s, eta 147m)
[15:08:40] 23150/135997 pass=22971 fail=179 (12.8/s, eta 147m)
[15:08:44] 23200/135997 pass=23020 fail=180 (12.8/s, eta 147m)
[15:08:47] 23250/135997 pass=23069 fail=181 (12.8/s, eta 147m)
[15:08:51] 23300/135997 pass=23119 fail=181 (12.8/s, eta 147m)
[15:08:56] 23350/135997 pass=23167 fail=183 (12.8/s, eta 147m)
[15:09:01] 23400/135997 pass=23217 fail=183 (12.8/s, eta 147m)
[15:09:05] 23450/135997 pass=23266 fail=184 (12.8/s, eta 147m)
[15:09:09] 23500/135997 pass=23316 fail=184 (12.8/s, eta 147m)
[15:09:13] 23550/135997 pass=23366 fail=184 (12.8/s, eta 147m)
[15:09:18] 23600/135997 pass=23416 fail=184 (12.8/s, eta 147m)
[15:09:22] 23650/135997 pass=23466 fail=184 (12.8/s, eta 147m)
[15:09:27] 23700/135997 pass=23515 fail=185 (12.8/s, eta 147m)
[15:09:31] 23750/135997 pass=23564 fail=186 (12.8/s, eta 147m)
[15:09:36] 23800/135997 pass=23614 fail=186 (12.8/s, eta 147m)
[15:09:41] 23850/135997 pass=23664 fail=186 (12.7/s, eta 147m)
[15:09:46] 23900/135997 pass=23713 fail=187 (12.7/s, eta 147m)
[15:09:52] 23950/135997 pass=23763 fail=187 (12.7/s, eta 147m)
[15:09:57] 24000/135997 pass=23813 fail=187 (12.7/s, eta 147m)
[15:10:02] 24050/135997 pass=23863 fail=187 (12.7/s, eta 147m)
[15:10:06] 24100/135997 pass=23913 fail=187 (12.7/s, eta 147m)
[15:10:11] 24150/135997 pass=23963 fail=187 (12.7/s, eta 147m)
[15:10:15] 24200/135997 pass=24013 fail=187 (12.7/s, eta 147m)
[15:10:20] 24250/135997 pass=24063 fail=187 (12.7/s, eta 147m)
[15:10:24] 24300/135997 pass=24113 fail=187 (12.7/s, eta 147m)
[15:10:28] 24350/135997 pass=24162 fail=188 (12.7/s, eta 147m)
[15:10:33] 24400/135997 pass=24212 fail=188 (12.7/s, eta 147m)
[15:10:38] 24450/135997 pass=24260 fail=190 (12.7/s, eta 147m)
[15:10:44] 24500/135997 pass=24310 fail=190 (12.7/s, eta 147m)
[15:10:50] 24550/135997 pass=24359 fail=191 (12.7/s, eta 147m)
[15:10:55] 24600/135997 pass=24409 fail=191 (12.6/s, eta 147m)
[15:11:01] 24650/135997 pass=24458 fail=192 (12.6/s, eta 147m)
[15:11:07] 24700/135997 pass=24508 fail=192 (12.6/s, eta 147m)
[15:11:15] 24750/135997 pass=24558 fail=192 (12.6/s, eta 147m)
[15:11:21] 24800/135997 pass=24607 fail=193 (12.6/s, eta 147m)
[15:11:27] 24850/135997 pass=24656 fail=194 (12.6/s, eta 147m)
[15:11:33] 24900/135997 pass=24706 fail=194 (12.6/s, eta 147m)
[15:11:39] 24950/135997 pass=24755 fail=195 (12.5/s, eta 148m)
[15:11:44] 25000/135997 pass=24805 fail=195 (12.5/s, eta 148m)
[15:11:49] 25050/135997 pass=24854 fail=196 (12.5/s, eta 148m)
[15:11:55] 25100/135997 pass=24904 fail=196 (12.5/s, eta 148m)
[15:11:59] 25150/135997 pass=24954 fail=196 (12.5/s, eta 148m)
[15:12:03] 25200/135997 pass=25004 fail=196 (12.5/s, eta 148m)
[15:12:07] 25250/135997 pass=25053 fail=197 (12.5/s, eta 147m)
[15:12:12] 25300/135997 pass=25103 fail=197 (12.5/s, eta 147m)
[15:12:16] 25350/135997 pass=25153 fail=197 (12.5/s, eta 147m)
[15:12:19] 25400/135997 pass=25203 fail=197 (12.5/s, eta 147m)
[15:12:23] 25450/135997 pass=25251 fail=199 (12.5/s, eta 147m)
[15:12:27] 25500/135997 pass=25301 fail=199 (12.5/s, eta 147m)
[15:12:30] 25550/135997 pass=25351 fail=199 (12.5/s, eta 147m)
[15:12:33] 25600/135997 pass=25401 fail=199 (12.5/s, eta 147m)
[15:12:36] 25650/135997 pass=25451 fail=199 (12.5/s, eta 147m)
[15:12:40] 25700/135997 pass=25501 fail=199 (12.5/s, eta 147m)
[15:12:43] 25750/135997 pass=25550 fail=200 (12.5/s, eta 147m)
[15:12:48] 25800/135997 pass=25600 fail=200 (12.5/s, eta 146m)
[15:12:53] 25850/135997 pass=25650 fail=200 (12.5/s, eta 146m)
[15:12:57] 25900/135997 pass=25700 fail=200 (12.5/s, eta 146m)
[15:13:01] 25950/135997 pass=25749 fail=201 (12.5/s, eta 146m)
[15:13:05] 26000/135997 pass=25798 fail=202 (12.5/s, eta 146m)
[15:13:09] 26050/135997 pass=25848 fail=202 (12.5/s, eta 146m)
[15:13:12] 26100/135997 pass=25897 fail=203 (12.5/s, eta 146m)
[15:13:16] 26150/135997 pass=25947 fail=203 (12.5/s, eta 146m)
[15:13:19] 26200/135997 pass=25996 fail=204 (12.5/s, eta 146m)
[15:13:23] 26250/135997 pass=26045 fail=205 (12.5/s, eta 146m)
[15:13:26] 26300/135997 pass=26094 fail=206 (12.5/s, eta 146m)
[15:13:30] 26350/135997 pass=26144 fail=206 (12.5/s, eta 146m)
[15:13:32] 26400/135997 pass=26194 fail=206 (12.6/s, eta 145m)
[15:13:36] 26450/135997 pass=26244 fail=206 (12.6/s, eta 145m)
[15:13:39] 26500/135997 pass=26294 fail=206 (12.6/s, eta 145m)
[15:13:43] 26550/135997 pass=26344 fail=206 (12.6/s, eta 145m)
[15:13:46] 26600/135997 pass=26394 fail=206 (12.6/s, eta 145m)
[15:13:49] 26650/135997 pass=26443 fail=207 (12.6/s, eta 145m)
[15:13:52] 26700/135997 pass=26493 fail=207 (12.6/s, eta 145m)
[15:13:56] 26750/135997 pass=26543 fail=207 (12.6/s, eta 145m)
[15:13:59] 26800/135997 pass=26591 fail=209 (12.6/s, eta 145m)
[15:14:03] 26850/135997 pass=26641 fail=209 (12.6/s, eta 145m)
[15:14:08] 26900/135997 pass=26690 fail=210 (12.6/s, eta 145m)
[15:14:12] 26950/135997 pass=26739 fail=211 (12.6/s, eta 144m)
[15:14:16] 27000/135997 pass=26789 fail=211 (12.6/s, eta 144m)
[15:14:20] 27050/135997 pass=26839 fail=211 (12.6/s, eta 144m)
[15:14:23] 27100/135997 pass=26888 fail=212 (12.6/s, eta 144m)
[15:14:28] 27150/135997 pass=26938 fail=212 (12.6/s, eta 144m)
[15:14:31] 27200/135997 pass=26988 fail=212 (12.6/s, eta 144m)
[15:14:35] 27250/135997 pass=27038 fail=212 (12.6/s, eta 144m)
[15:14:38] 27300/135997 pass=27088 fail=212 (12.6/s, eta 144m)
[15:14:42] 27350/135997 pass=27137 fail=213 (12.6/s, eta 144m)
[15:14:45] 27400/135997 pass=27186 fail=214 (12.6/s, eta 144m)
[15:14:48] 27450/135997 pass=27236 fail=214 (12.6/s, eta 144m)
[15:14:51] 27500/135997 pass=27286 fail=214 (12.6/s, eta 143m)
[15:14:55] 27550/135997 pass=27336 fail=214 (12.6/s, eta 143m)
[15:14:59] 27600/135997 pass=27385 fail=215 (12.6/s, eta 143m)
[15:15:02] 27650/135997 pass=27435 fail=215 (12.6/s, eta 143m)
[15:15:05] 27700/135997 pass=27485 fail=215 (12.6/s, eta 143m)
[15:15:09] 27750/135997 pass=27535 fail=215 (12.6/s, eta 143m)
[15:15:12] 27800/135997 pass=27585 fail=215 (12.6/s, eta 143m)
[15:15:16] 27850/135997 pass=27635 fail=215 (12.6/s, eta 143m)
[15:15:20] 27900/135997 pass=27684 fail=216 (12.6/s, eta 143m)
[15:15:24] 27950/135997 pass=27734 fail=216 (12.6/s, eta 143m)
[15:15:28] 28000/135997 pass=27784 fail=216 (12.6/s, eta 143m)
[15:15:32] 28050/135997 pass=27833 fail=217 (12.6/s, eta 143m)
[15:15:36] 28100/135997 pass=27883 fail=217 (12.6/s, eta 142m)
[15:15:40] 28150/135997 pass=27932 fail=218 (12.6/s, eta 142m)
[15:15:43] 28200/135997 pass=27982 fail=218 (12.6/s, eta 142m)
[15:15:47] 28250/135997 pass=28032 fail=218 (12.6/s, eta 142m)
[15:15:50] 28300/135997 pass=28082 fail=218 (12.6/s, eta 142m)
[15:15:53] 28350/135997 pass=28132 fail=218 (12.6/s, eta 142m)
[15:15:56] 28400/135997 pass=28181 fail=219 (12.6/s, eta 142m)
[15:16:00] 28450/135997 pass=28231 fail=219 (12.6/s, eta 142m)
[15:16:03] 28500/135997 pass=28279 fail=221 (12.7/s, eta 142m)
[15:16:06] 28550/135997 pass=28329 fail=221 (12.7/s, eta 142m)
[15:16:10] 28600/135997 pass=28379 fail=221 (12.7/s, eta 141m)
[15:16:13] 28650/135997 pass=28429 fail=221 (12.7/s, eta 141m)
[15:16:17] 28700/135997 pass=28479 fail=221 (12.7/s, eta 141m)
[15:16:20] 28750/135997 pass=28529 fail=221 (12.7/s, eta 141m)
[15:16:24] 28800/135997 pass=28579 fail=221 (12.7/s, eta 141m)
[15:16:28] 28850/135997 pass=28629 fail=221 (12.7/s, eta 141m)
[15:16:31] 28900/135997 pass=28679 fail=221 (12.7/s, eta 141m)
[15:16:36] 28950/135997 pass=28728 fail=222 (12.7/s, eta 141m)
[15:16:40] 29000/135997 pass=28778 fail=222 (12.7/s, eta 141m)
[15:16:45] 29050/135997 pass=28827 fail=223 (12.7/s, eta 141m)
[15:16:49] 29100/135997 pass=28877 fail=223 (12.7/s, eta 141m)
[15:16:53] 29150/135997 pass=28927 fail=223 (12.7/s, eta 141m)
[15:16:57] 29200/135997 pass=28976 fail=224 (12.7/s, eta 141m)
[15:17:01] 29250/135997 pass=29025 fail=225 (12.7/s, eta 141m)
[15:17:05] 29300/135997 pass=29075 fail=225 (12.7/s, eta 141m)
[15:17:09] 29350/135997 pass=29124 fail=226 (12.7/s, eta 140m)
[15:17:13] 29400/135997 pass=29173 fail=227 (12.7/s, eta 140m)
[15:17:17] 29450/135997 pass=29223 fail=227 (12.7/s, eta 140m)
[15:17:21] 29500/135997 pass=29273 fail=227 (12.7/s, eta 140m)
[15:17:25] 29550/135997 pass=29323 fail=227 (12.7/s, eta 140m)
[15:17:28] 29600/135997 pass=29373 fail=227 (12.7/s, eta 140m)
[15:17:31] 29650/135997 pass=29422 fail=228 (12.7/s, eta 140m)
[15:17:34] 29700/135997 pass=29471 fail=229 (12.7/s, eta 140m)
[15:17:37] 29750/135997 pass=29520 fail=230 (12.7/s, eta 140m)
[15:17:41] 29800/135997 pass=29570 fail=230 (12.7/s, eta 140m)
[15:17:45] 29850/135997 pass=29619 fail=231 (12.7/s, eta 140m)
[15:17:48] 29900/135997 pass=29669 fail=231 (12.7/s, eta 139m)
[15:17:52] 29950/135997 pass=29719 fail=231 (12.7/s, eta 139m)
[15:17:57] 30000/135997 pass=29769 fail=231 (12.7/s, eta 139m)
[15:18:01] 30050/135997 pass=29819 fail=231 (12.7/s, eta 139m)
[15:18:06] 30100/135997 pass=29869 fail=231 (12.7/s, eta 139m)
[15:18:10] 30150/135997 pass=29919 fail=231 (12.7/s, eta 139m)
[15:18:14] 30200/135997 pass=29969 fail=231 (12.7/s, eta 139m)
[15:18:18] 30250/135997 pass=30019 fail=231 (12.7/s, eta 139m)
[15:18:21] 30300/135997 pass=30069 fail=231 (12.7/s, eta 139m)
[15:18:25] 30350/135997 pass=30118 fail=232 (12.7/s, eta 139m)
[15:18:29] 30400/135997 pass=30166 fail=234 (12.7/s, eta 139m)
[15:18:32] 30450/135997 pass=30216 fail=234 (12.7/s, eta 139m)
[15:18:36] 30500/135997 pass=30266 fail=234 (12.7/s, eta 139m)
[15:18:39] 30550/135997 pass=30316 fail=234 (12.7/s, eta 139m)
[15:18:43] 30600/135997 pass=30366 fail=234 (12.7/s, eta 139m)
[15:18:46] 30650/135997 pass=30415 fail=235 (12.7/s, eta 138m)
[15:18:50] 30700/135997 pass=30465 fail=235 (12.7/s, eta 138m)
[15:18:53] 30750/135997 pass=30515 fail=235 (12.7/s, eta 138m)
[15:18:56] 30800/135997 pass=30565 fail=235 (12.7/s, eta 138m)
[15:19:00] 30850/135997 pass=30614 fail=236 (12.7/s, eta 138m)
[15:19:04] 30900/135997 pass=30664 fail=236 (12.7/s, eta 138m)
[15:19:08] 30950/135997 pass=30713 fail=237 (12.7/s, eta 138m)
[15:19:12] 31000/135997 pass=30763 fail=237 (12.7/s, eta 138m)
[15:19:16] 31050/135997 pass=30813 fail=237 (12.7/s, eta 138m)
[15:19:20] 31100/135997 pass=30863 fail=237 (12.7/s, eta 138m)
[15:19:24] 31150/135997 pass=30913 fail=237 (12.7/s, eta 138m)
[15:19:28] 31200/135997 pass=30962 fail=238 (12.7/s, eta 138m)
[15:19:31] 31250/135997 pass=31011 fail=239 (12.7/s, eta 138m)
[15:19:35] 31300/135997 pass=31061 fail=239 (12.7/s, eta 137m)
[15:19:38] 31350/135997 pass=31111 fail=239 (12.7/s, eta 137m)
[15:19:42] 31400/135997 pass=31161 fail=239 (12.7/s, eta 137m)
[15:19:45] 31450/135997 pass=31210 fail=240 (12.7/s, eta 137m)
[15:19:48] 31500/135997 pass=31260 fail=240 (12.7/s, eta 137m)
[15:19:51] 31550/135997 pass=31310 fail=240 (12.7/s, eta 137m)
[15:19:54] 31600/135997 pass=31359 fail=241 (12.7/s, eta 137m)
[15:19:57] 31650/135997 pass=31408 fail=242 (12.7/s, eta 137m)
[15:20:00] 31700/135997 pass=31457 fail=243 (12.7/s, eta 137m)
[15:20:04] 31750/135997 pass=31506 fail=244 (12.7/s, eta 136m)
[15:20:07] 31800/135997 pass=31556 fail=244 (12.7/s, eta 136m)
[15:20:10] 31850/135997 pass=31605 fail=245 (12.7/s, eta 136m)
[15:20:13] 31900/135997 pass=31655 fail=245 (12.7/s, eta 136m)
[15:20:16] 31950/135997 pass=31705 fail=245 (12.7/s, eta 136m)
[15:20:20] 32000/135997 pass=31755 fail=245 (12.7/s, eta 136m)
[15:20:24] 32050/135997 pass=31805 fail=245 (12.7/s, eta 136m)
[15:20:28] 32100/135997 pass=31855 fail=245 (12.7/s, eta 136m)
[15:20:32] 32150/135997 pass=31905 fail=245 (12.7/s, eta 136m)
[15:20:37] 32200/135997 pass=31955 fail=245 (12.7/s, eta 136m)
[15:20:41] 32250/135997 pass=32005 fail=245 (12.7/s, eta 136m)
[15:20:44] 32300/135997 pass=32055 fail=245 (12.7/s, eta 136m)
[15:20:48] 32350/135997 pass=32105 fail=245 (12.7/s, eta 136m)
[15:20:52] 32400/135997 pass=32155 fail=245 (12.7/s, eta 135m)
[15:20:56] 32450/135997 pass=32204 fail=246 (12.7/s, eta 135m)
[15:21:00] 32500/135997 pass=32254 fail=246 (12.7/s, eta 135m)
[15:21:03] 32550/135997 pass=32303 fail=247 (12.8/s, eta 135m)
[15:21:06] 32600/135997 pass=32352 fail=248 (12.8/s, eta 135m)
[15:21:09] 32650/135997 pass=32401 fail=249 (12.8/s, eta 135m)
[15:21:12] 32700/135997 pass=32451 fail=249 (12.8/s, eta 135m)
[15:21:15] 32750/135997 pass=32499 fail=251 (12.8/s, eta 135m)
[15:21:19] 32800/135997 pass=32549 fail=251 (12.8/s, eta 135m)
[15:21:22] 32850/135997 pass=32599 fail=251 (12.8/s, eta 135m)
[15:21:25] 32900/135997 pass=32649 fail=251 (12.8/s, eta 135m)
[15:21:29] 32950/135997 pass=32698 fail=252 (12.8/s, eta 134m)
[15:21:32] 33000/135997 pass=32748 fail=252 (12.8/s, eta 134m)
[15:21:36] 33050/135997 pass=32798 fail=252 (12.8/s, eta 134m)
[15:21:40] 33100/135997 pass=32847 fail=253 (12.8/s, eta 134m)
[15:21:44] 33150/135997 pass=32897 fail=253 (12.8/s, eta 134m)
[15:21:48] 33200/135997 pass=32946 fail=254 (12.8/s, eta 134m)
[15:21:52] 33250/135997 pass=32996 fail=254 (12.8/s, eta 134m)
[15:21:56] 33300/135997 pass=33046 fail=254 (12.8/s, eta 134m)
[15:22:00] 33350/135997 pass=33096 fail=254 (12.8/s, eta 134m)
[15:22:04] 33400/135997 pass=33145 fail=255 (12.8/s, eta 134m)
[15:22:08] 33450/135997 pass=33194 fail=256 (12.8/s, eta 134m)
[15:22:11] 33500/135997 pass=33244 fail=256 (12.8/s, eta 134m)
[15:22:15] 33550/135997 pass=33294 fail=256 (12.8/s, eta 134m)
[15:22:19] 33600/135997 pass=33343 fail=257 (12.8/s, eta 134m)
[15:22:23] 33650/135997 pass=33393 fail=257 (12.8/s, eta 133m)
[15:22:27] 33700/135997 pass=33443 fail=257 (12.8/s, eta 133m)
[15:22:31] 33750/135997 pass=33493 fail=257 (12.8/s, eta 133m)
[15:22:34] 33800/135997 pass=33543 fail=257 (12.8/s, eta 133m)
[15:22:38] 33850/135997 pass=33593 fail=257 (12.8/s, eta 133m)
[15:22:42] 33900/135997 pass=33643 fail=257 (12.8/s, eta 133m)
[15:22:46] 33950/135997 pass=33693 fail=257 (12.8/s, eta 133m)
[15:22:50] 34000/135997 pass=33742 fail=258 (12.8/s, eta 133m)
[15:22:54] 34050/135997 pass=33792 fail=258 (12.8/s, eta 133m)
[15:22:58] 34100/135997 pass=33841 fail=259 (12.8/s, eta 133m)
[15:23:02] 34150/135997 pass=33890 fail=260 (12.8/s, eta 133m)
[15:23:05] 34200/135997 pass=33939 fail=261 (12.8/s, eta 133m)
[15:23:09] 34250/135997 pass=33989 fail=261 (12.8/s, eta 133m)
[15:23:13] 34300/135997 pass=34038 fail=262 (12.8/s, eta 133m)
[15:23:17] 34350/135997 pass=34087 fail=263 (12.8/s, eta 133m)
[15:23:20] 34400/135997 pass=34137 fail=263 (12.8/s, eta 132m)
[15:23:23] 34450/135997 pass=34187 fail=263 (12.8/s, eta 132m)
[15:23:27] 34500/135997 pass=34237 fail=263 (12.8/s, eta 132m)
[15:23:30] 34550/135997 pass=34287 fail=263 (12.8/s, eta 132m)
[15:23:34] 34600/135997 pass=34337 fail=263 (12.8/s, eta 132m)
[15:23:37] 34650/135997 pass=34386 fail=264 (12.8/s, eta 132m)
[15:23:41] 34700/135997 pass=34436 fail=264 (12.8/s, eta 132m)
[15:23:45] 34750/135997 pass=34485 fail=265 (12.8/s, eta 132m)
[15:23:49] 34800/135997 pass=34535 fail=265 (12.8/s, eta 132m)
[15:23:52] 34850/135997 pass=34584 fail=266 (12.8/s, eta 132m)
[15:23:56] 34900/135997 pass=34633 fail=267 (12.8/s, eta 132m)
[15:24:00] 34950/135997 pass=34683 fail=267 (12.8/s, eta 132m)
[15:24:04] 35000/135997 pass=34732 fail=268 (12.8/s, eta 132m)
[15:24:08] 35050/135997 pass=34782 fail=268 (12.8/s, eta 131m)
[15:24:12] 35100/135997 pass=34831 fail=269 (12.8/s, eta 131m)
[15:24:16] 35150/135997 pass=34880 fail=270 (12.8/s, eta 131m)
[15:24:20] 35200/135997 pass=34929 fail=271 (12.8/s, eta 131m)
[15:24:24] 35250/135997 pass=34979 fail=271 (12.8/s, eta 131m)
[15:24:28] 35300/135997 pass=35028 fail=272 (12.8/s, eta 131m)
[15:24:32] 35350/135997 pass=35077 fail=273 (12.8/s, eta 131m)
[15:24:36] 35400/135997 pass=35127 fail=273 (12.8/s, eta 131m)
[15:24:40] 35450/135997 pass=35177 fail=273 (12.8/s, eta 131m)
[15:24:43] 35500/135997 pass=35227 fail=273 (12.8/s, eta 131m)
[15:24:47] 35550/135997 pass=35277 fail=273 (12.8/s, eta 131m)
[15:24:51] 35600/135997 pass=35326 fail=274 (12.8/s, eta 131m)
[15:24:54] 35650/135997 pass=35375 fail=275 (12.8/s, eta 131m)
[15:24:58] 35700/135997 pass=35424 fail=276 (12.8/s, eta 131m)
[15:25:01] 35750/135997 pass=35474 fail=276 (12.8/s, eta 130m)
[15:25:05] 35800/135997 pass=35524 fail=276 (12.8/s, eta 130m)
[15:25:09] 35850/135997 pass=35574 fail=276 (12.8/s, eta 130m)
[15:25:13] 35900/135997 pass=35622 fail=278 (12.8/s, eta 130m)
[15:25:17] 35950/135997 pass=35672 fail=278 (12.8/s, eta 130m)
[15:25:21] 36000/135997 pass=35722 fail=278 (12.8/s, eta 130m)
[15:25:25] 36050/135997 pass=35771 fail=279 (12.8/s, eta 130m)
[15:25:29] 36100/135997 pass=35821 fail=279 (12.8/s, eta 130m)
[15:25:33] 36150/135997 pass=35871 fail=279 (12.8/s, eta 130m)
[15:25:37] 36200/135997 pass=35921 fail=279 (12.8/s, eta 130m)
[15:25:41] 36250/135997 pass=35970 fail=280 (12.8/s, eta 130m)
[15:25:45] 36300/135997 pass=36019 fail=281 (12.8/s, eta 130m)
[15:25:49] 36350/135997 pass=36068 fail=282 (12.8/s, eta 130m)
[15:25:53] 36400/135997 pass=36118 fail=282 (12.8/s, eta 130m)
[15:25:58] 36450/135997 pass=36167 fail=283 (12.8/s, eta 130m)
[15:26:02] 36500/135997 pass=36217 fail=283 (12.8/s, eta 130m)
[15:26:06] 36550/135997 pass=36267 fail=283 (12.8/s, eta 129m)
[15:26:10] 36600/135997 pass=36317 fail=283 (12.8/s, eta 129m)
[15:26:13] 36650/135997 pass=36367 fail=283 (12.8/s, eta 129m)
[15:26:17] 36700/135997 pass=36417 fail=283 (12.8/s, eta 129m)
[15:26:21] 36750/135997 pass=36467 fail=283 (12.8/s, eta 129m)
[15:26:25] 36800/135997 pass=36517 fail=283 (12.8/s, eta 129m)
[15:26:29] 36850/135997 pass=36567 fail=283 (12.8/s, eta 129m)
[15:26:33] 36900/135997 pass=36617 fail=283 (12.8/s, eta 129m)
[15:26:37] 36950/135997 pass=36667 fail=283 (12.8/s, eta 129m)
[15:26:41] 37000/135997 pass=36717 fail=283 (12.8/s, eta 129m)
[15:26:45] 37050/135997 pass=36767 fail=283 (12.8/s, eta 129m)
[15:26:50] 37100/135997 pass=36816 fail=284 (12.8/s, eta 129m)
[15:26:55] 37150/135997 pass=36866 fail=284 (12.8/s, eta 129m)
[15:27:00] 37200/135997 pass=36916 fail=284 (12.8/s, eta 129m)
[15:27:05] 37250/135997 pass=36966 fail=284 (12.8/s, eta 129m)
[15:27:10] 37300/135997 pass=37016 fail=284 (12.8/s, eta 129m)
[15:27:16] 37350/135997 pass=37066 fail=284 (12.8/s, eta 129m)
[15:27:21] 37400/135997 pass=37115 fail=285 (12.8/s, eta 129m)
[15:27:25] 37450/135997 pass=37164 fail=286 (12.8/s, eta 129m)
[15:27:29] 37500/135997 pass=37214 fail=286 (12.8/s, eta 129m)
[15:27:33] 37550/135997 pass=37263 fail=287 (12.8/s, eta 129m)
[15:27:37] 37600/135997 pass=37313 fail=287 (12.8/s, eta 129m)
[15:27:41] 37650/135997 pass=37362 fail=288 (12.8/s, eta 128m)
[15:27:44] 37700/135997 pass=37411 fail=289 (12.8/s, eta 128m)
[15:27:49] 37750/135997 pass=37461 fail=289 (12.8/s, eta 128m)
[15:27:52] 37800/135997 pass=37509 fail=291 (12.8/s, eta 128m)
[15:27:56] 37850/135997 pass=37559 fail=291 (12.8/s, eta 128m)
[15:28:00] 37900/135997 pass=37609 fail=291 (12.8/s, eta 128m)
[15:28:03] 37950/135997 pass=37658 fail=292 (12.8/s, eta 128m)
[15:28:07] 38000/135997 pass=37708 fail=292 (12.8/s, eta 128m)
[15:28:11] 38050/135997 pass=37757 fail=293 (12.8/s, eta 128m)
[15:28:15] 38100/135997 pass=37806 fail=294 (12.8/s, eta 128m)
[15:28:20] 38150/135997 pass=37856 fail=294 (12.8/s, eta 128m)
[15:28:25] 38200/135997 pass=37905 fail=295 (12.8/s, eta 128m)
[15:28:30] 38250/135997 pass=37955 fail=295 (12.7/s, eta 128m)
[15:28:35] 38300/135997 pass=38003 fail=297 (12.7/s, eta 128m)
[15:28:40] 38350/135997 pass=38053 fail=297 (12.7/s, eta 128m)
[15:28:45] 38400/135997 pass=38103 fail=297 (12.7/s, eta 128m)
[15:28:49] 38450/135997 pass=38153 fail=297 (12.7/s, eta 128m)
[15:28:54] 38500/135997 pass=38202 fail=298 (12.7/s, eta 128m)
[15:28:58] 38550/135997 pass=38252 fail=298 (12.7/s, eta 128m)
[15:29:03] 38600/135997 pass=38302 fail=298 (12.7/s, eta 128m)
[15:29:07] 38650/135997 pass=38351 fail=299 (12.7/s, eta 128m)
[15:29:11] 38700/135997 pass=38401 fail=299 (12.7/s, eta 127m)
[15:29:15] 38750/135997 pass=38449 fail=301 (12.7/s, eta 127m)
[15:29:18] 38800/135997 pass=38499 fail=301 (12.7/s, eta 127m)
[15:29:22] 38850/135997 pass=38548 fail=302 (12.7/s, eta 127m)
[15:29:26] 38900/135997 pass=38597 fail=303 (12.7/s, eta 127m)
[15:29:29] 38950/135997 pass=38647 fail=303 (12.7/s, eta 127m)
[15:29:33] 39000/135997 pass=38697 fail=303 (12.7/s, eta 127m)
[15:29:37] 39050/135997 pass=38747 fail=303 (12.7/s, eta 127m)
[15:29:41] 39100/135997 pass=38797 fail=303 (12.7/s, eta 127m)
[15:29:45] 39150/135997 pass=38845 fail=305 (12.7/s, eta 127m)
[15:29:49] 39200/135997 pass=38895 fail=305 (12.7/s, eta 127m)
[15:29:55] 39250/135997 pass=38944 fail=306 (12.7/s, eta 127m)
[15:30:00] 39300/135997 pass=38994 fail=306 (12.7/s, eta 127m)
[15:30:04] 39350/135997 pass=39044 fail=306 (12.7/s, eta 127m)
[15:30:09] 39400/135997 pass=39094 fail=306 (12.7/s, eta 127m)
[15:30:15] 39450/135997 pass=39143 fail=307 (12.7/s, eta 127m)
[15:30:20] 39500/135997 pass=39193 fail=307 (12.7/s, eta 127m)
[15:30:24] 39550/135997 pass=39241 fail=309 (12.7/s, eta 127m)
[15:30:29] 39600/135997 pass=39290 fail=310 (12.7/s, eta 127m)
[15:30:33] 39650/135997 pass=39340 fail=310 (12.7/s, eta 126m)
[15:30:37] 39700/135997 pass=39390 fail=310 (12.7/s, eta 126m)
[15:30:42] 39750/135997 pass=39440 fail=310 (12.7/s, eta 126m)
[15:30:46] 39800/135997 pass=39489 fail=311 (12.7/s, eta 126m)
[15:30:50] 39850/135997 pass=39538 fail=312 (12.7/s, eta 126m)
[15:30:54] 39900/135997 pass=39588 fail=312 (12.7/s, eta 126m)
[15:30:58] 39950/135997 pass=39637 fail=313 (12.7/s, eta 126m)
[15:31:03] 40000/135997 pass=39687 fail=313 (12.7/s, eta 126m)
[15:31:07] 40050/135997 pass=39737 fail=313 (12.7/s, eta 126m)
[15:31:11] 40100/135997 pass=39787 fail=313 (12.7/s, eta 126m)
[15:31:16] 40150/135997 pass=39836 fail=314 (12.7/s, eta 126m)
[15:31:20] 40200/135997 pass=39886 fail=314 (12.7/s, eta 126m)
[15:31:25] 40250/135997 pass=39936 fail=314 (12.7/s, eta 126m)
[15:31:31] 40300/135997 pass=39986 fail=314 (12.7/s, eta 126m)
[15:31:36] 40350/135997 pass=40035 fail=315 (12.7/s, eta 126m)
[15:31:41] 40400/135997 pass=40085 fail=315 (12.7/s, eta 126m)
[15:31:47] 40450/135997 pass=40135 fail=315 (12.7/s, eta 126m)
[15:31:51] 40500/135997 pass=40184 fail=316 (12.7/s, eta 126m)
[15:31:55] 40550/135997 pass=40234 fail=316 (12.7/s, eta 126m)
[15:32:00] 40600/135997 pass=40284 fail=316 (12.6/s, eta 126m)
[15:32:04] 40650/135997 pass=40334 fail=316 (12.6/s, eta 126m)
[15:32:09] 40700/135997 pass=40383 fail=317 (12.6/s, eta 126m)
[15:32:13] 40750/135997 pass=40431 fail=319 (12.6/s, eta 126m)
[15:32:17] 40800/135997 pass=40480 fail=320 (12.6/s, eta 126m)
[15:32:21] 40850/135997 pass=40530 fail=320 (12.6/s, eta 125m)
[15:32:26] 40900/135997 pass=40579 fail=321 (12.6/s, eta 125m)
[15:32:30] 40950/135997 pass=40629 fail=321 (12.6/s, eta 125m)
[15:32:34] 41000/135997 pass=40679 fail=321 (12.6/s, eta 125m)
[15:32:38] 41050/135997 pass=40727 fail=323 (12.6/s, eta 125m)
[15:32:42] 41100/135997 pass=40777 fail=323 (12.6/s, eta 125m)
[15:32:46] 41150/135997 pass=40827 fail=323 (12.6/s, eta 125m)
[15:32:51] 41200/135997 pass=40876 fail=324 (12.6/s, eta 125m)
[15:32:56] 41250/135997 pass=40926 fail=324 (12.6/s, eta 125m)
[15:33:01] 41300/135997 pass=40976 fail=324 (12.6/s, eta 125m)
[15:33:06] 41350/135997 pass=41026 fail=324 (12.6/s, eta 125m)
[15:33:11] 41400/135997 pass=41076 fail=324 (12.6/s, eta 125m)
[15:33:16] 41450/135997 pass=41125 fail=325 (12.6/s, eta 125m)
[15:33:21] 41500/135997 pass=41175 fail=325 (12.6/s, eta 125m)
[15:33:26] 41550/135997 pass=41224 fail=326 (12.6/s, eta 125m)
[15:33:31] 41600/135997 pass=41274 fail=326 (12.6/s, eta 125m)
[15:33:36] 41650/135997 pass=41324 fail=326 (12.6/s, eta 125m)
[15:33:40] 41700/135997 pass=41373 fail=327 (12.6/s, eta 125m)
[15:33:45] 41750/135997 pass=41423 fail=327 (12.6/s, eta 125m)
[15:33:49] 41800/135997 pass=41473 fail=327 (12.6/s, eta 125m)
[15:33:53] 41850/135997 pass=41523 fail=327 (12.6/s, eta 125m)
[15:33:56] 41900/135997 pass=41573 fail=327 (12.6/s, eta 125m)
[15:34:01] 41950/135997 pass=41622 fail=328 (12.6/s, eta 124m)
[15:34:05] 42000/135997 pass=41672 fail=328 (12.6/s, eta 124m)
[15:34:09] 42050/135997 pass=41722 fail=328 (12.6/s, eta 124m)
[15:34:13] 42100/135997 pass=41772 fail=328 (12.6/s, eta 124m)
[15:34:17] 42150/135997 pass=41822 fail=328 (12.6/s, eta 124m)
[15:34:21] 42200/135997 pass=41872 fail=328 (12.6/s, eta 124m)
[15:34:26] 42250/135997 pass=41922 fail=328 (12.6/s, eta 124m)
[15:34:30] 42300/135997 pass=41972 fail=328 (12.6/s, eta 124m)
[15:34:35] 42350/135997 pass=42022 fail=328 (12.6/s, eta 124m)
[15:34:40] 42400/135997 pass=42072 fail=328 (12.6/s, eta 124m)
[15:34:45] 42450/135997 pass=42121 fail=329 (12.6/s, eta 124m)
[15:34:50] 42500/135997 pass=42171 fail=329 (12.6/s, eta 124m)
[15:34:54] 42550/135997 pass=42221 fail=329 (12.6/s, eta 124m)
[15:35:00] 42600/135997 pass=42271 fail=329 (12.6/s, eta 124m)
[15:35:04] 42650/135997 pass=42321 fail=329 (12.6/s, eta 124m)
[15:35:09] 42700/135997 pass=42371 fail=329 (12.6/s, eta 124m)
[15:35:13] 42750/135997 pass=42421 fail=329 (12.6/s, eta 124m)
[15:35:17] 42800/135997 pass=42471 fail=329 (12.6/s, eta 124m)
[15:35:20] 42850/135997 pass=42521 fail=329 (12.6/s, eta 124m)
[15:35:24] 42900/135997 pass=42569 fail=331 (12.6/s, eta 123m)
[15:35:28] 42950/135997 pass=42618 fail=332 (12.6/s, eta 123m)
[15:35:31] 43000/135997 pass=42667 fail=333 (12.6/s, eta 123m)
[15:35:35] 43050/135997 pass=42716 fail=334 (12.6/s, eta 123m)
[15:35:39] 43100/135997 pass=42766 fail=334 (12.6/s, eta 123m)
[15:35:43] 43150/135997 pass=42816 fail=334 (12.6/s, eta 123m)
[15:35:47] 43200/135997 pass=42866 fail=334 (12.6/s, eta 123m)
[15:35:51] 43250/135997 pass=42916 fail=334 (12.6/s, eta 123m)
[15:35:56] 43300/135997 pass=42964 fail=336 (12.6/s, eta 123m)
[15:36:02] 43350/135997 pass=43014 fail=336 (12.6/s, eta 123m)
[15:36:06] 43400/135997 pass=43064 fail=336 (12.6/s, eta 123m)
[15:36:11] 43450/135997 pass=43114 fail=336 (12.6/s, eta 123m)
[15:36:15] 43500/135997 pass=43163 fail=337 (12.6/s, eta 123m)
[15:36:20] 43550/135997 pass=43212 fail=338 (12.5/s, eta 123m)
[15:36:25] 43600/135997 pass=43262 fail=338 (12.5/s, eta 123m)
[15:36:29] 43650/135997 pass=43311 fail=339 (12.5/s, eta 123m)
[15:36:33] 43700/135997 pass=43361 fail=339 (12.5/s, eta 123m)
[15:36:38] 43750/135997 pass=43411 fail=339 (12.5/s, eta 123m)
[15:36:42] 43800/135997 pass=43460 fail=340 (12.5/s, eta 123m)
[15:36:47] 43850/135997 pass=43509 fail=341 (12.5/s, eta 122m)
[15:36:51] 43900/135997 pass=43559 fail=341 (12.5/s, eta 122m)
[15:36:55] 43950/135997 pass=43609 fail=341 (12.5/s, eta 122m)
[15:36:59] 44000/135997 pass=43659 fail=341 (12.5/s, eta 122m)
[15:37:03] 44050/135997 pass=43709 fail=341 (12.5/s, eta 122m)
[15:37:08] 44100/135997 pass=43759 fail=341 (12.5/s, eta 122m)
[15:37:12] 44150/135997 pass=43808 fail=342 (12.5/s, eta 122m)
[15:37:16] 44200/135997 pass=43858 fail=342 (12.5/s, eta 122m)
[15:37:19] 44250/135997 pass=43908 fail=342 (12.5/s, eta 122m)
[15:37:23] 44300/135997 pass=43958 fail=342 (12.5/s, eta 122m)
[15:37:28] 44350/135997 pass=44008 fail=342 (12.5/s, eta 122m)
[15:37:32] 44400/135997 pass=44058 fail=342 (12.5/s, eta 122m)
[15:37:37] 44450/135997 pass=44108 fail=342 (12.5/s, eta 122m)
[15:37:42] 44500/135997 pass=44158 fail=342 (12.5/s, eta 122m)
[15:37:47] 44550/135997 pass=44208 fail=342 (12.5/s, eta 122m)
[15:37:52] 44600/135997 pass=44258 fail=342 (12.5/s, eta 122m)
[15:37:56] 44650/135997 pass=44308 fail=342 (12.5/s, eta 122m)
[15:38:00] 44700/135997 pass=44358 fail=342 (12.5/s, eta 122m)
[15:38:04] 44750/135997 pass=44407 fail=343 (12.5/s, eta 121m)
[15:38:07] 44800/135997 pass=44456 fail=344 (12.5/s, eta 121m)
[15:38:11] 44850/135997 pass=44506 fail=344 (12.5/s, eta 121m)
[15:38:15] 44900/135997 pass=44556 fail=344 (12.5/s, eta 121m)
[15:38:18] 44950/135997 pass=44606 fail=344 (12.5/s, eta 121m)
[15:38:22] 45000/135997 pass=44656 fail=344 (12.5/s, eta 121m)
[15:38:26] 45050/135997 pass=44705 fail=345 (12.5/s, eta 121m)
[15:38:30] 45100/135997 pass=44755 fail=345 (12.5/s, eta 121m)
[15:38:33] 45150/135997 pass=44805 fail=345 (12.5/s, eta 121m)
[15:38:37] 45200/135997 pass=44854 fail=346 (12.5/s, eta 121m)
[15:38:41] 45250/135997 pass=44904 fail=346 (12.5/s, eta 121m)
[15:38:44] 45300/135997 pass=44953 fail=347 (12.5/s, eta 121m)
[15:38:49] 45350/135997 pass=45003 fail=347 (12.5/s, eta 121m)
[15:38:53] 45400/135997 pass=45053 fail=347 (12.5/s, eta 121m)
[15:38:57] 45450/135997 pass=45102 fail=348 (12.5/s, eta 120m)
[15:39:02] 45500/135997 pass=45152 fail=348 (12.5/s, eta 120m)
[15:39:06] 45550/135997 pass=45202 fail=348 (12.5/s, eta 120m)
[15:39:10] 45600/135997 pass=45251 fail=349 (12.5/s, eta 120m)
[15:39:15] 45650/135997 pass=45300 fail=350 (12.5/s, eta 120m)
[15:39:21] 45700/135997 pass=45350 fail=350 (12.5/s, eta 120m)
[15:39:27] 45750/135997 pass=45398 fail=352 (12.5/s, eta 120m)
[15:39:32] 45800/135997 pass=45448 fail=352 (12.5/s, eta 120m)
[15:39:38] 45850/135997 pass=45496 fail=354 (12.5/s, eta 120m)
[15:39:43] 45900/135997 pass=45545 fail=355 (12.5/s, eta 120m)
[15:39:47] 45950/135997 pass=45595 fail=355 (12.5/s, eta 120m)
[15:39:51] 46000/135997 pass=45645 fail=355 (12.5/s, eta 120m)
[15:39:55] 46050/135997 pass=45694 fail=356 (12.5/s, eta 120m)
[15:39:58] 46100/135997 pass=45744 fail=356 (12.5/s, eta 120m)
[15:40:03] 46150/135997 pass=45794 fail=356 (12.5/s, eta 120m)
[15:40:08] 46200/135997 pass=45844 fail=356 (12.5/s, eta 120m)
[15:40:14] 46250/135997 pass=45893 fail=357 (12.5/s, eta 120m)
[15:40:19] 46300/135997 pass=45942 fail=358 (12.5/s, eta 120m)
[15:40:24] 46350/135997 pass=45992 fail=358 (12.5/s, eta 120m)
[15:40:28] 46400/135997 pass=46042 fail=358 (12.5/s, eta 120m)
[15:40:33] 46450/135997 pass=46092 fail=358 (12.5/s, eta 120m)
[15:40:38] 46500/135997 pass=46141 fail=359 (12.5/s, eta 120m)
[15:40:43] 46550/135997 pass=46190 fail=360 (12.5/s, eta 120m)
[15:40:48] 46600/135997 pass=46239 fail=361 (12.5/s, eta 120m)
[15:40:53] 46650/135997 pass=46287 fail=363 (12.5/s, eta 119m)
[15:40:58] 46700/135997 pass=46335 fail=365 (12.5/s, eta 119m)
[15:41:03] 46750/135997 pass=46385 fail=365 (12.5/s, eta 119m)
[15:41:08] 46800/135997 pass=46435 fail=365 (12.5/s, eta 119m)
[15:41:13] 46850/135997 pass=46485 fail=365 (12.4/s, eta 119m)
[15:41:17] 46900/135997 pass=46535 fail=365 (12.5/s, eta 119m)
[15:41:20] 46950/135997 pass=46585 fail=365 (12.5/s, eta 119m)
[15:41:24] 47000/135997 pass=46635 fail=365 (12.5/s, eta 119m)
[15:41:29] 47050/135997 pass=46685 fail=365 (12.4/s, eta 119m)
[15:41:36] 47100/135997 pass=46735 fail=365 (12.4/s, eta 119m)
[15:41:41] 47150/135997 pass=46785 fail=365 (12.4/s, eta 119m)
[15:41:45] 47200/135997 pass=46834 fail=366 (12.4/s, eta 119m)
[15:41:49] 47250/135997 pass=46883 fail=367 (12.4/s, eta 119m)
[15:41:53] 47300/135997 pass=46933 fail=367 (12.4/s, eta 119m)
[15:41:58] 47350/135997 pass=46983 fail=367 (12.4/s, eta 119m)
[15:42:02] 47400/135997 pass=47033 fail=367 (12.4/s, eta 119m)
[15:42:06] 47450/135997 pass=47082 fail=368 (12.4/s, eta 119m)
[15:42:10] 47500/135997 pass=47132 fail=368 (12.4/s, eta 119m)
[15:42:15] 47550/135997 pass=47182 fail=368 (12.4/s, eta 119m)
[15:42:20] 47600/135997 pass=47232 fail=368 (12.4/s, eta 119m)
[15:42:24] 47650/135997 pass=47282 fail=368 (12.4/s, eta 118m)
[15:42:29] 47700/135997 pass=47332 fail=368 (12.4/s, eta 118m)
[15:42:34] 47750/135997 pass=47382 fail=368 (12.4/s, eta 118m)
[15:42:37] 47800/135997 pass=47432 fail=368 (12.4/s, eta 118m)
[15:42:42] 47850/135997 pass=47482 fail=368 (12.4/s, eta 118m)
[15:42:45] 47900/135997 pass=47532 fail=368 (12.4/s, eta 118m)
[15:42:50] 47950/135997 pass=47582 fail=368 (12.4/s, eta 118m)
[15:42:54] 48000/135997 pass=47632 fail=368 (12.4/s, eta 118m)
[15:42:58] 48050/135997 pass=47681 fail=369 (12.4/s, eta 118m)
[15:43:03] 48100/135997 pass=47729 fail=371 (12.4/s, eta 118m)
[15:43:07] 48150/135997 pass=47779 fail=371 (12.4/s, eta 118m)
[15:43:11] 48200/135997 pass=47829 fail=371 (12.4/s, eta 118m)
[15:43:15] 48250/135997 pass=47879 fail=371 (12.4/s, eta 118m)
[15:43:19] 48300/135997 pass=47929 fail=371 (12.4/s, eta 118m)
[15:43:23] 48350/135997 pass=47979 fail=371 (12.4/s, eta 118m)
[15:43:28] 48400/135997 pass=48029 fail=371 (12.4/s, eta 118m)
[15:43:32] 48450/135997 pass=48079 fail=371 (12.4/s, eta 118m)
[15:43:37] 48500/135997 pass=48129 fail=371 (12.4/s, eta 117m)
[15:43:42] 48550/135997 pass=48177 fail=373 (12.4/s, eta 117m)
[15:43:47] 48600/135997 pass=48227 fail=373 (12.4/s, eta 117m)
[15:43:52] 48650/135997 pass=48277 fail=373 (12.4/s, eta 117m)
[15:43:57] 48700/135997 pass=48327 fail=373 (12.4/s, eta 117m)
[15:44:02] 48750/135997 pass=48377 fail=373 (12.4/s, eta 117m)
[15:44:07] 48800/135997 pass=48427 fail=373 (12.4/s, eta 117m)
[15:44:12] 48850/135997 pass=48477 fail=373 (12.4/s, eta 117m)
[15:44:16] 48900/135997 pass=48527 fail=373 (12.4/s, eta 117m)
[15:44:20] 48950/135997 pass=48577 fail=373 (12.4/s, eta 117m)
[15:44:25] 49000/135997 pass=48627 fail=373 (12.4/s, eta 117m)
[15:44:29] 49050/135997 pass=48676 fail=374 (12.4/s, eta 117m)
[15:44:33] 49100/135997 pass=48726 fail=374 (12.4/s, eta 117m)
[15:44:37] 49150/135997 pass=48776 fail=374 (12.4/s, eta 117m)
[15:44:41] 49200/135997 pass=48825 fail=375 (12.4/s, eta 117m)
[15:44:45] 49250/135997 pass=48874 fail=376 (12.4/s, eta 117m)
[15:44:49] 49300/135997 pass=48922 fail=378 (12.4/s, eta 117m)
[15:44:53] 49350/135997 pass=48971 fail=379 (12.4/s, eta 117m)
[15:44:57] 49400/135997 pass=49021 fail=379 (12.4/s, eta 116m)
[15:45:01] 49450/135997 pass=49071 fail=379 (12.4/s, eta 116m)
[15:45:07] 49500/135997 pass=49120 fail=380 (12.4/s, eta 116m)
[15:45:12] 49550/135997 pass=49170 fail=380 (12.4/s, eta 116m)
[15:45:16] 49600/135997 pass=49220 fail=380 (12.4/s, eta 116m)
[15:45:22] 49650/135997 pass=49270 fail=380 (12.4/s, eta 116m)
[15:45:27] 49700/135997 pass=49319 fail=381 (12.4/s, eta 116m)
[15:45:32] 49750/135997 pass=49369 fail=381 (12.4/s, eta 116m)
[15:45:38] 49800/135997 pass=49418 fail=382 (12.4/s, eta 116m)
[15:45:43] 49850/135997 pass=49466 fail=384 (12.4/s, eta 116m)
[15:45:48] 49900/135997 pass=49516 fail=384 (12.4/s, eta 116m)
[15:45:53] 49950/135997 pass=49566 fail=384 (12.4/s, eta 116m)
[15:45:58] 50000/135997 pass=49614 fail=386 (12.4/s, eta 116m)
[15:46:02] 50050/135997 pass=49664 fail=386 (12.4/s, eta 116m)
[15:46:07] 50100/135997 pass=49713 fail=387 (12.3/s, eta 116m)
[15:46:11] 50150/135997 pass=49762 fail=388 (12.3/s, eta 116m)
[15:46:15] 50200/135997 pass=49812 fail=388 (12.3/s, eta 116m)
[15:46:20] 50250/135997 pass=49862 fail=388 (12.3/s, eta 116m)
[15:46:24] 50300/135997 pass=49911 fail=389 (12.3/s, eta 116m)
[15:46:28] 50350/135997 pass=49961 fail=389 (12.3/s, eta 116m)
[15:46:31] 50400/135997 pass=50011 fail=389 (12.3/s, eta 116m)
[15:46:36] 50450/135997 pass=50060 fail=390 (12.3/s, eta 115m)
[15:46:41] 50500/135997 pass=50110 fail=390 (12.3/s, eta 115m)
[15:46:47] 50550/135997 pass=50160 fail=390 (12.3/s, eta 115m)
[15:46:53] 50600/135997 pass=50209 fail=391 (12.3/s, eta 115m)
[15:46:58] 50650/135997 pass=50259 fail=391 (12.3/s, eta 115m)
[15:47:03] 50700/135997 pass=50309 fail=391 (12.3/s, eta 115m)
[15:47:08] 50750/135997 pass=50359 fail=391 (12.3/s, eta 115m)
[15:47:13] 50800/135997 pass=50409 fail=391 (12.3/s, eta 115m)
[15:47:19] 50850/135997 pass=50459 fail=391 (12.3/s, eta 115m)
[15:47:24] 50900/135997 pass=50509 fail=391 (12.3/s, eta 115m)
[15:47:28] 50950/135997 pass=50558 fail=392 (12.3/s, eta 115m)
[15:47:32] 51000/135997 pass=50608 fail=392 (12.3/s, eta 115m)
[15:47:37] 51050/135997 pass=50658 fail=392 (12.3/s, eta 115m)
[15:47:42] 51100/135997 pass=50708 fail=392 (12.3/s, eta 115m)
[15:47:47] 51150/135997 pass=50757 fail=393 (12.3/s, eta 115m)
[15:47:50] 51200/135997 pass=50807 fail=393 (12.3/s, eta 115m)
[15:47:54] 51250/135997 pass=50856 fail=394 (12.3/s, eta 115m)
[15:47:58] 51300/135997 pass=50906 fail=394 (12.3/s, eta 115m)
[15:48:02] 51350/135997 pass=50955 fail=395 (12.3/s, eta 115m)
[15:48:06] 51400/135997 pass=51004 fail=396 (12.3/s, eta 115m)
[15:48:11] 51450/135997 pass=51054 fail=396 (12.3/s, eta 115m)
[15:48:15] 51500/135997 pass=51104 fail=396 (12.3/s, eta 114m)
[15:48:19] 51550/135997 pass=51153 fail=397 (12.3/s, eta 114m)
[15:48:24] 51600/135997 pass=51202 fail=398 (12.3/s, eta 114m)
[15:48:29] 51650/135997 pass=51252 fail=398 (12.3/s, eta 114m)
[15:48:33] 51700/135997 pass=51302 fail=398 (12.3/s, eta 114m)
[15:48:38] 51750/135997 pass=51351 fail=399 (12.3/s, eta 114m)
[15:48:43] 51800/135997 pass=51400 fail=400 (12.3/s, eta 114m)
[15:48:48] 51850/135997 pass=51450 fail=400 (12.3/s, eta 114m)
[15:48:53] 51900/135997 pass=51499 fail=401 (12.3/s, eta 114m)
[15:48:57] 51950/135997 pass=51549 fail=401 (12.3/s, eta 114m)
[15:49:02] 52000/135997 pass=51599 fail=401 (12.3/s, eta 114m)
[15:49:05] 52050/135997 pass=51649 fail=401 (12.3/s, eta 114m)
[15:49:09] 52100/135997 pass=51699 fail=401 (12.3/s, eta 114m)
[15:49:13] 52150/135997 pass=51748 fail=402 (12.3/s, eta 114m)
[15:49:18] 52200/135997 pass=51798 fail=402 (12.3/s, eta 114m)
[15:49:22] 52250/135997 pass=51847 fail=403 (12.3/s, eta 114m)
[15:49:27] 52300/135997 pass=51896 fail=404 (12.3/s, eta 114m)
[15:49:31] 52350/135997 pass=51946 fail=404 (12.3/s, eta 113m)
[15:49:36] 52400/135997 pass=51996 fail=404 (12.3/s, eta 113m)
[15:49:40] 52450/135997 pass=52046 fail=404 (12.3/s, eta 113m)
[15:49:44] 52500/135997 pass=52096 fail=404 (12.3/s, eta 113m)
[15:49:49] 52550/135997 pass=52146 fail=404 (12.3/s, eta 113m)
[15:49:54] 52600/135997 pass=52196 fail=404 (12.3/s, eta 113m)
[15:49:59] 52650/135997 pass=52246 fail=404 (12.3/s, eta 113m)
[15:50:06] 52700/135997 pass=52296 fail=404 (12.3/s, eta 113m)
[15:50:10] 52750/135997 pass=52345 fail=405 (12.3/s, eta 113m)
[15:50:16] 52800/135997 pass=52394 fail=406 (12.3/s, eta 113m)
[15:50:21] 52850/135997 pass=52444 fail=406 (12.3/s, eta 113m)
[15:50:27] 52900/135997 pass=52494 fail=406 (12.3/s, eta 113m)
[15:50:32] 52950/135997 pass=52544 fail=406 (12.2/s, eta 113m)
[15:50:38] 53000/135997 pass=52593 fail=407 (12.2/s, eta 113m)
[15:50:43] 53050/135997 pass=52643 fail=407 (12.2/s, eta 113m)
[15:50:48] 53100/135997 pass=52693 fail=407 (12.2/s, eta 113m)
[15:50:52] 53150/135997 pass=52743 fail=407 (12.2/s, eta 113m)
[15:50:57] 53200/135997 pass=52793 fail=407 (12.2/s, eta 113m)
[15:51:02] 53250/135997 pass=52843 fail=407 (12.2/s, eta 113m)
[15:51:07] 53300/135997 pass=52893 fail=407 (12.2/s, eta 113m)
[15:51:11] 53350/135997 pass=52943 fail=407 (12.2/s, eta 113m)
[15:51:16] 53400/135997 pass=52991 fail=409 (12.2/s, eta 113m)
[15:51:20] 53450/135997 pass=53040 fail=410 (12.2/s, eta 112m)
[15:51:26] 53500/135997 pass=53089 fail=411 (12.2/s, eta 112m)
[15:51:30] 53550/135997 pass=53139 fail=411 (12.2/s, eta 112m)
[15:51:34] 53600/135997 pass=53189 fail=411 (12.2/s, eta 112m)
[15:51:39] 53650/135997 pass=53239 fail=411 (12.2/s, eta 112m)
[15:51:44] 53700/135997 pass=53289 fail=411 (12.2/s, eta 112m)
[15:51:49] 53750/135997 pass=53339 fail=411 (12.2/s, eta 112m)
[15:51:54] 53800/135997 pass=53389 fail=411 (12.2/s, eta 112m)
[15:51:59] 53850/135997 pass=53439 fail=411 (12.2/s, eta 112m)
[15:52:04] 53900/135997 pass=53489 fail=411 (12.2/s, eta 112m)
[15:52:09] 53950/135997 pass=53539 fail=411 (12.2/s, eta 112m)
[15:52:14] 54000/135997 pass=53589 fail=411 (12.2/s, eta 112m)
[15:52:18] 54050/135997 pass=53639 fail=411 (12.2/s, eta 112m)
[15:52:23] 54100/135997 pass=53689 fail=411 (12.2/s, eta 112m)
[15:52:28] 54150/135997 pass=53738 fail=412 (12.2/s, eta 112m)
[15:52:33] 54200/135997 pass=53787 fail=413 (12.2/s, eta 112m)
[15:52:39] 54250/135997 pass=53837 fail=413 (12.2/s, eta 112m)
[15:52:47] 54300/135997 pass=53887 fail=413 (12.2/s, eta 112m)
[15:52:51] 54350/135997 pass=53937 fail=413 (12.2/s, eta 112m)
[15:52:55] 54400/135997 pass=53986 fail=414 (12.2/s, eta 112m)
[15:53:00] 54450/135997 pass=54036 fail=414 (12.2/s, eta 112m)
[15:53:05] 54500/135997 pass=54086 fail=414 (12.2/s, eta 112m)
[15:53:10] 54550/135997 pass=54136 fail=414 (12.2/s, eta 111m)
[15:53:14] 54600/135997 pass=54186 fail=414 (12.2/s, eta 111m)
[15:53:19] 54650/135997 pass=54236 fail=414 (12.2/s, eta 111m)
[15:53:24] 54700/135997 pass=54286 fail=414 (12.2/s, eta 111m)
[15:53:29] 54750/135997 pass=54336 fail=414 (12.2/s, eta 111m)
[15:53:34] 54800/135997 pass=54386 fail=414 (12.2/s, eta 111m)
[15:53:40] 54850/135997 pass=54436 fail=414 (12.2/s, eta 111m)
[15:53:46] 54900/135997 pass=54484 fail=416 (12.2/s, eta 111m)
[15:53:54] 54950/135997 pass=54533 fail=417 (12.1/s, eta 111m)
[15:53:59] 55000/135997 pass=54582 fail=418 (12.1/s, eta 111m)
[15:54:04] 55050/135997 pass=54631 fail=419 (12.1/s, eta 111m)
[15:54:10] 55100/135997 pass=54680 fail=420 (12.1/s, eta 111m)
[15:54:15] 55150/135997 pass=54730 fail=420 (12.1/s, eta 111m)
[15:54:20] 55200/135997 pass=54780 fail=420 (12.1/s, eta 111m)
[15:54:24] 55250/135997 pass=54827 fail=423 (12.1/s, eta 111m)
[15:54:30] 55300/135997 pass=54877 fail=423 (12.1/s, eta 111m)
[15:54:35] 55350/135997 pass=54927 fail=423 (12.1/s, eta 111m)
[15:54:40] 55400/135997 pass=54977 fail=423 (12.1/s, eta 111m)
[15:54:45] 55450/135997 pass=55027 fail=423 (12.1/s, eta 111m)
[15:54:49] 55500/135997 pass=55075 fail=425 (12.1/s, eta 111m)
[15:54:54] 55550/135997 pass=55125 fail=425 (12.1/s, eta 111m)
[15:54:58] 55600/135997 pass=55175 fail=425 (12.1/s, eta 111m)
[15:55:05] 55650/135997 pass=55225 fail=425 (12.1/s, eta 111m)
[15:55:09] 55700/135997 pass=55275 fail=425 (12.1/s, eta 111m)
[15:55:14] 55750/135997 pass=55324 fail=426 (12.1/s, eta 110m)
[15:55:20] 55800/135997 pass=55374 fail=426 (12.1/s, eta 110m)
[15:55:27] 55850/135997 pass=55424 fail=426 (12.1/s, eta 110m)
[15:55:32] 55900/135997 pass=55474 fail=426 (12.1/s, eta 110m)
[15:55:49] 55950/135997 pass=55524 fail=426 (12.1/s, eta 111m)
[15:55:57] 56000/135997 pass=55574 fail=426 (12.0/s, eta 111m)
[15:56:12] 56050/135997 pass=55624 fail=426 (12.0/s, eta 111m)
[15:56:17] 56100/135997 pass=55674 fail=426 (12.0/s, eta 111m)
[15:56:22] 56150/135997 pass=55724 fail=426 (12.0/s, eta 111m)
[15:56:26] 56200/135997 pass=55774 fail=426 (12.0/s, eta 111m)
[15:56:32] 56250/135997 pass=55824 fail=426 (12.0/s, eta 111m)
[15:56:37] 56300/135997 pass=55874 fail=426 (12.0/s, eta 111m)
[15:56:43] 56350/135997 pass=55924 fail=426 (12.0/s, eta 111m)
[15:56:47] 56400/135997 pass=55974 fail=426 (12.0/s, eta 110m)
[15:56:52] 56450/135997 pass=56024 fail=426 (12.0/s, eta 110m)
[15:57:01] 56500/135997 pass=56072 fail=428 (12.0/s, eta 110m)
[15:57:11] 56550/135997 pass=56121 fail=429 (12.0/s, eta 111m)
[15:57:15] 56600/135997 pass=56171 fail=429 (12.0/s, eta 110m)
[15:57:20] 56650/135997 pass=56220 fail=430 (12.0/s, eta 110m)
[15:57:24] 56700/135997 pass=56268 fail=432 (12.0/s, eta 110m)
[15:57:27] 56750/135997 pass=56317 fail=433 (12.0/s, eta 110m)
[15:57:32] 56800/135997 pass=56367 fail=433 (12.0/s, eta 110m)
[15:57:37] 56850/135997 pass=56417 fail=433 (12.0/s, eta 110m)
[15:57:42] 56900/135997 pass=56467 fail=433 (12.0/s, eta 110m)
[15:57:47] 56950/135997 pass=56517 fail=433 (12.0/s, eta 110m)
[15:57:52] 57000/135997 pass=56567 fail=433 (12.0/s, eta 110m)
[15:57:57] 57050/135997 pass=56616 fail=434 (12.0/s, eta 110m)
[15:58:02] 57100/135997 pass=56665 fail=435 (12.0/s, eta 110m)
[15:58:07] 57150/135997 pass=56714 fail=436 (12.0/s, eta 110m)
[15:58:12] 57200/135997 pass=56764 fail=436 (12.0/s, eta 110m)
[15:58:16] 57250/135997 pass=56814 fail=436 (12.0/s, eta 110m)
[15:58:21] 57300/135997 pass=56864 fail=436 (12.0/s, eta 110m)
[15:58:26] 57350/135997 pass=56913 fail=437 (12.0/s, eta 110m)
[15:58:32] 57400/135997 pass=56963 fail=437 (12.0/s, eta 110m)
[15:58:37] 57450/135997 pass=57013 fail=437 (12.0/s, eta 110m)
[15:58:41] 57500/135997 pass=57061 fail=439 (12.0/s, eta 109m)
[15:58:45] 57550/135997 pass=57109 fail=441 (12.0/s, eta 109m)
[15:58:49] 57600/135997 pass=57158 fail=442 (12.0/s, eta 109m)
[15:58:54] 57650/135997 pass=57207 fail=443 (12.0/s, eta 109m)
[15:58:58] 57700/135997 pass=57257 fail=443 (11.9/s, eta 109m)
[15:59:03] 57750/135997 pass=57307 fail=443 (11.9/s, eta 109m)
[15:59:08] 57800/135997 pass=57356 fail=444 (11.9/s, eta 109m)
[15:59:13] 57850/135997 pass=57406 fail=444 (11.9/s, eta 109m)
[15:59:18] 57900/135997 pass=57456 fail=444 (11.9/s, eta 109m)
[15:59:24] 57950/135997 pass=57506 fail=444 (11.9/s, eta 109m)
[15:59:30] 58000/135997 pass=57556 fail=444 (11.9/s, eta 109m)
[15:59:36] 58050/135997 pass=57606 fail=444 (11.9/s, eta 109m)
[15:59:42] 58100/135997 pass=57656 fail=444 (11.9/s, eta 109m)
[15:59:48] 58150/135997 pass=57706 fail=444 (11.9/s, eta 109m)
[15:59:54] 58200/135997 pass=57756 fail=444 (11.9/s, eta 109m)
[15:59:59] 58250/135997 pass=57806 fail=444 (11.9/s, eta 109m)
[16:00:04] 58300/135997 pass=57856 fail=444 (11.9/s, eta 109m)
[16:00:09] 58350/135997 pass=57906 fail=444 (11.9/s, eta 109m)
[16:00:13] 58400/135997 pass=57955 fail=445 (11.9/s, eta 109m)
[16:00:18] 58450/135997 pass=58004 fail=446 (11.9/s, eta 109m)
[16:00:22] 58500/135997 pass=58053 fail=447 (11.9/s, eta 108m)
[16:00:27] 58550/135997 pass=58103 fail=447 (11.9/s, eta 108m)
[16:00:31] 58600/135997 pass=58153 fail=447 (11.9/s, eta 108m)
[16:00:35] 58650/135997 pass=58203 fail=447 (11.9/s, eta 108m)
[16:00:40] 58700/135997 pass=58253 fail=447 (11.9/s, eta 108m)
[16:00:46] 58750/135997 pass=58301 fail=449 (11.9/s, eta 108m)
[16:00:50] 58800/135997 pass=58350 fail=450 (11.9/s, eta 108m)
[16:00:54] 58850/135997 pass=58399 fail=451 (11.9/s, eta 108m)
[16:00:59] 58900/135997 pass=58448 fail=452 (11.9/s, eta 108m)
[16:01:04] 58950/135997 pass=58498 fail=452 (11.9/s, eta 108m)
[16:01:09] 59000/135997 pass=58548 fail=452 (11.9/s, eta 108m)
[16:01:15] 59050/135997 pass=58598 fail=452 (11.9/s, eta 108m)
[16:01:20] 59100/135997 pass=58647 fail=453 (11.9/s, eta 108m)
[16:01:26] 59150/135997 pass=58696 fail=454 (11.9/s, eta 108m)
[16:01:31] 59200/135997 pass=58746 fail=454 (11.9/s, eta 108m)
[16:01:35] 59250/135997 pass=58795 fail=455 (11.9/s, eta 108m)
[16:01:40] 59300/135997 pass=58845 fail=455 (11.9/s, eta 108m)
[16:01:45] 59350/135997 pass=58895 fail=455 (11.9/s, eta 108m)
[16:01:50] 59400/135997 pass=58944 fail=456 (11.9/s, eta 107m)
[16:01:55] 59450/135997 pass=58993 fail=457 (11.9/s, eta 107m)
[16:01:59] 59500/135997 pass=59042 fail=458 (11.9/s, eta 107m)
[16:02:03] 59550/135997 pass=59091 fail=459 (11.9/s, eta 107m)
[16:02:07] 59600/135997 pass=59141 fail=459 (11.9/s, eta 107m)
[16:02:11] 59650/135997 pass=59191 fail=459 (11.9/s, eta 107m)
[16:02:15] 59700/135997 pass=59241 fail=459 (11.9/s, eta 107m)
[16:02:19] 59750/135997 pass=59291 fail=459 (11.9/s, eta 107m)
[16:02:23] 59800/135997 pass=59339 fail=461 (11.9/s, eta 107m)
[16:02:27] 59850/135997 pass=59387 fail=463 (11.9/s, eta 107m)
[16:02:32] 59900/135997 pass=59437 fail=463 (11.9/s, eta 107m)
[16:02:36] 59950/135997 pass=59485 fail=465 (11.9/s, eta 107m)
[16:02:40] 60000/135997 pass=59535 fail=465 (11.9/s, eta 107m)
[16:02:44] 60050/135997 pass=59584 fail=466 (11.9/s, eta 107m)
[16:02:49] 60100/135997 pass=59634 fail=466 (11.9/s, eta 106m)
[16:02:54] 60150/135997 pass=59684 fail=466 (11.9/s, eta 106m)
[16:02:58] 60200/135997 pass=59732 fail=468 (11.9/s, eta 106m)
[16:03:03] 60250/135997 pass=59781 fail=469 (11.9/s, eta 106m)
[16:03:09] 60300/135997 pass=59831 fail=469 (11.9/s, eta 106m)
[16:03:14] 60350/135997 pass=59881 fail=469 (11.9/s, eta 106m)
[16:03:18] 60400/135997 pass=59931 fail=469 (11.9/s, eta 106m)
[16:03:22] 60450/135997 pass=59981 fail=469 (11.9/s, eta 106m)
[16:03:27] 60500/135997 pass=60031 fail=469 (11.9/s, eta 106m)
[16:03:32] 60550/135997 pass=60081 fail=469 (11.9/s, eta 106m)
[16:03:36] 60600/135997 pass=60131 fail=469 (11.9/s, eta 106m)
[16:03:40] 60650/135997 pass=60181 fail=469 (11.9/s, eta 106m)
[16:03:44] 60700/135997 pass=60231 fail=469 (11.9/s, eta 106m)
[16:03:48] 60750/135997 pass=60281 fail=469 (11.9/s, eta 106m)
[16:03:51] 60800/135997 pass=60331 fail=469 (11.9/s, eta 106m)
[16:03:55] 60850/135997 pass=60381 fail=469 (11.9/s, eta 105m)
[16:04:01] 60900/135997 pass=60431 fail=469 (11.9/s, eta 105m)
[16:04:06] 60950/135997 pass=60481 fail=469 (11.9/s, eta 105m)
[16:04:10] 61000/135997 pass=60531 fail=469 (11.9/s, eta 105m)
[16:04:15] 61050/135997 pass=60581 fail=469 (11.9/s, eta 105m)
[16:04:20] 61100/135997 pass=60629 fail=471 (11.9/s, eta 105m)
[16:04:27] 61150/135997 pass=60679 fail=471 (11.9/s, eta 105m)
[16:04:32] 61200/135997 pass=60729 fail=471 (11.9/s, eta 105m)
[16:04:37] 61250/135997 pass=60779 fail=471 (11.9/s, eta 105m)
[16:04:43] 61300/135997 pass=60829 fail=471 (11.8/s, eta 105m)
[16:04:48] 61350/135997 pass=60879 fail=471 (11.8/s, eta 105m)
[16:04:52] 61400/135997 pass=60929 fail=471 (11.8/s, eta 105m)
[16:04:57] 61450/135997 pass=60979 fail=471 (11.8/s, eta 105m)
[16:05:01] 61500/135997 pass=61029 fail=471 (11.8/s, eta 105m)
[16:05:05] 61550/135997 pass=61079 fail=471 (11.8/s, eta 105m)
[16:05:09] 61600/135997 pass=61127 fail=473 (11.8/s, eta 105m)
[16:05:14] 61650/135997 pass=61177 fail=473 (11.8/s, eta 105m)
[16:05:20] 61700/135997 pass=61227 fail=473 (11.8/s, eta 105m)
[16:05:24] 61750/135997 pass=61277 fail=473 (11.8/s, eta 104m)
[16:05:28] 61800/135997 pass=61327 fail=473 (11.8/s, eta 104m)
[16:05:33] 61850/135997 pass=61376 fail=474 (11.8/s, eta 104m)
[16:05:37] 61900/135997 pass=61425 fail=475 (11.8/s, eta 104m)
[16:05:41] 61950/135997 pass=61474 fail=476 (11.8/s, eta 104m)
[16:05:46] 62000/135997 pass=61524 fail=476 (11.8/s, eta 104m)
[16:05:51] 62050/135997 pass=61572 fail=478 (11.8/s, eta 104m)
[16:05:56] 62100/135997 pass=61621 fail=479 (11.8/s, eta 104m)
[16:06:02] 62150/135997 pass=61671 fail=479 (11.8/s, eta 104m)
[16:06:07] 62200/135997 pass=61721 fail=479 (11.8/s, eta 104m)
[16:06:11] 62250/135997 pass=61771 fail=479 (11.8/s, eta 104m)
[16:06:16] 62300/135997 pass=61820 fail=480 (11.8/s, eta 104m)
[16:06:21] 62350/135997 pass=61869 fail=481 (11.8/s, eta 104m)
[16:06:25] 62400/135997 pass=61919 fail=481 (11.8/s, eta 104m)
[16:06:30] 62450/135997 pass=61969 fail=481 (11.8/s, eta 104m)
[16:06:34] 62500/135997 pass=62018 fail=482 (11.8/s, eta 104m)
[16:06:39] 62550/135997 pass=62068 fail=482 (11.8/s, eta 104m)
[16:06:43] 62600/135997 pass=62118 fail=482 (11.8/s, eta 103m)
[16:06:48] 62650/135997 pass=62166 fail=484 (11.8/s, eta 103m)
[16:06:52] 62700/135997 pass=62216 fail=484 (11.8/s, eta 103m)
[16:06:58] 62750/135997 pass=62265 fail=485 (11.8/s, eta 103m)
[16:07:03] 62800/135997 pass=62315 fail=485 (11.8/s, eta 103m)
[16:07:07] 62850/135997 pass=62365 fail=485 (11.8/s, eta 103m)
[16:07:12] 62900/135997 pass=62413 fail=487 (11.8/s, eta 103m)
[16:07:16] 62950/135997 pass=62462 fail=488 (11.8/s, eta 103m)
[16:07:21] 63000/135997 pass=62511 fail=489 (11.8/s, eta 103m)
[16:07:27] 63050/135997 pass=62561 fail=489 (11.8/s, eta 103m)
[16:07:33] 63100/135997 pass=62611 fail=489 (11.8/s, eta 103m)
[16:07:39] 63150/135997 pass=62661 fail=489 (11.8/s, eta 103m)
[16:07:45] 63200/135997 pass=62710 fail=490 (11.8/s, eta 103m)
[16:07:52] 63250/135997 pass=62760 fail=490 (11.8/s, eta 103m)
[16:07:57] 63300/135997 pass=62810 fail=490 (11.8/s, eta 103m)
[16:08:02] 63350/135997 pass=62860 fail=490 (11.8/s, eta 103m)
[16:08:06] 63400/135997 pass=62910 fail=490 (11.8/s, eta 103m)
[16:08:12] 63450/135997 pass=62960 fail=490 (11.8/s, eta 103m)
[16:08:16] 63500/135997 pass=63010 fail=490 (11.8/s, eta 102m)
[16:08:19] 63550/135997 pass=63060 fail=490 (11.8/s, eta 102m)
[16:08:24] 63600/135997 pass=63110 fail=490 (11.8/s, eta 102m)
[16:08:29] 63650/135997 pass=63160 fail=490 (11.8/s, eta 102m)
[16:08:34] 63700/135997 pass=63210 fail=490 (11.8/s, eta 102m)
[16:08:39] 63750/135997 pass=63258 fail=492 (11.8/s, eta 102m)
[16:08:46] 63800/135997 pass=63308 fail=492 (11.8/s, eta 102m)
[16:08:51] 63850/135997 pass=63358 fail=492 (11.8/s, eta 102m)
[16:08:55] 63900/135997 pass=63408 fail=492 (11.8/s, eta 102m)
[16:09:01] 63950/135997 pass=63458 fail=492 (11.8/s, eta 102m)
[16:09:11] 64000/135997 pass=63508 fail=492 (11.8/s, eta 102m)
[16:09:17] 64050/135997 pass=63557 fail=493 (11.8/s, eta 102m)
[16:09:23] 64100/135997 pass=63607 fail=493 (11.8/s, eta 102m)
[16:09:28] 64150/135997 pass=63657 fail=493 (11.8/s, eta 102m)
[16:09:39] 64200/135997 pass=63707 fail=493 (11.7/s, eta 102m)
[16:09:44] 64250/135997 pass=63757 fail=493 (11.7/s, eta 102m)
[16:09:51] 64300/135997 pass=63806 fail=494 (11.7/s, eta 102m)
[16:09:56] 64350/135997 pass=63856 fail=494 (11.7/s, eta 102m)
[16:10:00] 64400/135997 pass=63905 fail=495 (11.7/s, eta 102m)
[16:10:05] 64450/135997 pass=63955 fail=495 (11.7/s, eta 102m)
[16:10:10] 64500/135997 pass=64004 fail=496 (11.7/s, eta 102m)
[16:10:14] 64550/135997 pass=64054 fail=496 (11.7/s, eta 102m)
[16:10:19] 64600/135997 pass=64104 fail=496 (11.7/s, eta 101m)
[16:10:23] 64650/135997 pass=64154 fail=496 (11.7/s, eta 101m)
[16:10:27] 64700/135997 pass=64204 fail=496 (11.7/s, eta 101m)
[16:10:32] 64750/135997 pass=64254 fail=496 (11.7/s, eta 101m)
[16:10:36] 64800/135997 pass=64304 fail=496 (11.7/s, eta 101m)
[16:10:40] 64850/135997 pass=64354 fail=496 (11.7/s, eta 101m)
[16:10:44] 64900/135997 pass=64404 fail=496 (11.7/s, eta 101m)
[16:10:49] 64950/135997 pass=64454 fail=496 (11.7/s, eta 101m)
[16:10:54] 65000/135997 pass=64504 fail=496 (11.7/s, eta 101m)
[16:10:59] 65050/135997 pass=64554 fail=496 (11.7/s, eta 101m)
[16:11:05] 65100/135997 pass=64604 fail=496 (11.7/s, eta 101m)
[16:11:10] 65150/135997 pass=64653 fail=497 (11.7/s, eta 101m)
[16:11:16] 65200/135997 pass=64703 fail=497 (11.7/s, eta 101m)
[16:11:23] 65250/135997 pass=64752 fail=498 (11.7/s, eta 101m)
[16:11:28] 65300/135997 pass=64802 fail=498 (11.7/s, eta 101m)
[16:11:34] 65350/135997 pass=64851 fail=499 (11.7/s, eta 101m)
[16:11:42] 65400/135997 pass=64901 fail=499 (11.7/s, eta 101m)
[16:11:50] 65450/135997 pass=64951 fail=499 (11.7/s, eta 101m)
[16:11:57] 65500/135997 pass=65000 fail=500 (11.7/s, eta 101m)
[16:12:02] 65550/135997 pass=65050 fail=500 (11.7/s, eta 101m)
[16:12:06] 65600/135997 pass=65099 fail=501 (11.7/s, eta 100m)
[16:12:12] 65650/135997 pass=65149 fail=501 (11.7/s, eta 100m)
[16:12:17] 65700/135997 pass=65199 fail=501 (11.7/s, eta 100m)
[16:12:22] 65750/135997 pass=65248 fail=502 (11.7/s, eta 100m)
[16:12:26] 65800/135997 pass=65298 fail=502 (11.7/s, eta 100m)
[16:12:31] 65850/135997 pass=65348 fail=502 (11.7/s, eta 100m)
[16:12:35] 65900/135997 pass=65398 fail=502 (11.7/s, eta 100m)
[16:12:40] 65950/135997 pass=65448 fail=502 (11.7/s, eta 100m)
[16:12:44] 66000/135997 pass=65497 fail=503 (11.7/s, eta 100m)
[16:12:49] 66050/135997 pass=65547 fail=503 (11.7/s, eta 100m)
[16:12:55] 66100/135997 pass=65597 fail=503 (11.7/s, eta 100m)
[16:13:01] 66150/135997 pass=65647 fail=503 (11.7/s, eta 100m)
[16:13:08] 66200/135997 pass=65697 fail=503 (11.7/s, eta 100m)
[16:13:15] 66250/135997 pass=65747 fail=503 (11.7/s, eta 100m)
[16:13:22] 66300/135997 pass=65795 fail=505 (11.6/s, eta 100m)
[16:13:29] 66350/135997 pass=65845 fail=505 (11.6/s, eta 100m)
[16:13:36] 66400/135997 pass=65895 fail=505 (11.6/s, eta 100m)
[16:13:43] 66450/135997 pass=65945 fail=505 (11.6/s, eta 100m)
[16:13:48] 66500/135997 pass=65995 fail=505 (11.6/s, eta 100m)
[16:13:53] 66550/135997 pass=66044 fail=506 (11.6/s, eta 100m)
[16:13:59] 66600/135997 pass=66094 fail=506 (11.6/s, eta 99m)
[16:14:04] 66650/135997 pass=66144 fail=506 (11.6/s, eta 99m)
[16:14:09] 66700/135997 pass=66193 fail=507 (11.6/s, eta 99m)
[16:14:14] 66750/135997 pass=66243 fail=507 (11.6/s, eta 99m)
[16:14:18] 66800/135997 pass=66293 fail=507 (11.6/s, eta 99m)
[16:14:23] 66850/135997 pass=66343 fail=507 (11.6/s, eta 99m)
[16:14:27] 66900/135997 pass=66393 fail=507 (11.6/s, eta 99m)
[16:14:32] 66950/135997 pass=66443 fail=507 (11.6/s, eta 99m)
[16:14:37] 67000/135997 pass=66492 fail=508 (11.6/s, eta 99m)
[16:14:41] 67050/135997 pass=66542 fail=508 (11.6/s, eta 99m)
[16:14:47] 67100/135997 pass=66590 fail=510 (11.6/s, eta 99m)
[16:14:53] 67150/135997 pass=66640 fail=510 (11.6/s, eta 99m)
[16:14:59] 67200/135997 pass=66690 fail=510 (11.6/s, eta 99m)
[16:15:04] 67250/135997 pass=66740 fail=510 (11.6/s, eta 99m)
[16:15:10] 67300/135997 pass=66788 fail=512 (11.6/s, eta 99m)
[16:15:15] 67350/135997 pass=66838 fail=512 (11.6/s, eta 99m)
[16:15:21] 67400/135997 pass=66888 fail=512 (11.6/s, eta 99m)
[16:15:26] 67450/135997 pass=66938 fail=512 (11.6/s, eta 99m)
[16:15:32] 67500/135997 pass=66988 fail=512 (11.6/s, eta 98m)
[16:15:37] 67550/135997 pass=67037 fail=513 (11.6/s, eta 98m)
[16:15:42] 67600/135997 pass=67087 fail=513 (11.6/s, eta 98m)
[16:15:47] 67650/135997 pass=67136 fail=514 (11.6/s, eta 98m)
[16:15:51] 67700/135997 pass=67186 fail=514 (11.6/s, eta 98m)
[16:15:56] 67750/135997 pass=67236 fail=514 (11.6/s, eta 98m)
[16:16:01] 67800/135997 pass=67286 fail=514 (11.6/s, eta 98m)
[16:16:05] 67850/135997 pass=67336 fail=514 (11.6/s, eta 98m)
[16:16:09] 67900/135997 pass=67386 fail=514 (11.6/s, eta 98m)
[16:16:13] 67950/135997 pass=67436 fail=514 (11.6/s, eta 98m)
[16:16:18] 68000/135997 pass=67485 fail=515 (11.6/s, eta 98m)
[16:16:22] 68050/135997 pass=67535 fail=515 (11.6/s, eta 98m)
[16:16:26] 68100/135997 pass=67584 fail=516 (11.6/s, eta 98m)
[16:16:31] 68150/135997 pass=67632 fail=518 (11.6/s, eta 98m)
[16:16:36] 68200/135997 pass=67682 fail=518 (11.6/s, eta 98m)
[16:16:41] 68250/135997 pass=67731 fail=519 (11.6/s, eta 97m)
[16:16:45] 68300/135997 pass=67781 fail=519 (11.6/s, eta 97m)
[16:16:51] 68350/135997 pass=67831 fail=519 (11.6/s, eta 97m)
[16:16:57] 68400/135997 pass=67881 fail=519 (11.6/s, eta 97m)
[16:17:04] 68450/135997 pass=67931 fail=519 (11.6/s, eta 97m)
[16:17:11] 68500/135997 pass=67981 fail=519 (11.6/s, eta 97m)
[16:17:18] 68550/135997 pass=68031 fail=519 (11.6/s, eta 97m)
[16:17:24] 68600/135997 pass=68081 fail=519 (11.6/s, eta 97m)
[16:17:31] 68650/135997 pass=68131 fail=519 (11.6/s, eta 97m)
[16:17:40] 68700/135997 pass=68181 fail=519 (11.5/s, eta 97m)
[16:17:45] 68750/135997 pass=68231 fail=519 (11.5/s, eta 97m)
[16:17:50] 68800/135997 pass=68281 fail=519 (11.5/s, eta 97m)
[16:17:54] 68850/135997 pass=68330 fail=520 (11.5/s, eta 97m)
[16:17:58] 68900/135997 pass=68380 fail=520 (11.5/s, eta 97m)
[16:18:02] 68950/135997 pass=68430 fail=520 (11.5/s, eta 97m)
[16:18:06] 69000/135997 pass=68480 fail=520 (11.5/s, eta 97m)
[16:18:11] 69050/135997 pass=68530 fail=520 (11.5/s, eta 97m)
[16:18:17] 69100/135997 pass=68580 fail=520 (11.5/s, eta 97m)
[16:18:23] 69150/135997 pass=68630 fail=520 (11.5/s, eta 97m)
[16:18:29] 69200/135997 pass=68679 fail=521 (11.5/s, eta 97m)
[16:18:34] 69250/135997 pass=68729 fail=521 (11.5/s, eta 96m)
[16:18:39] 69300/135997 pass=68778 fail=522 (11.5/s, eta 96m)
[16:18:45] 69350/135997 pass=68826 fail=524 (11.5/s, eta 96m)
[16:18:51] 69400/135997 pass=68875 fail=525 (11.5/s, eta 96m)
[16:18:57] 69450/135997 pass=68925 fail=525 (11.5/s, eta 96m)
[16:19:02] 69500/135997 pass=68974 fail=526 (11.5/s, eta 96m)
[16:19:07] 69550/135997 pass=69024 fail=526 (11.5/s, eta 96m)
[16:19:13] 69600/135997 pass=69074 fail=526 (11.5/s, eta 96m)
[16:19:18] 69650/135997 pass=69124 fail=526 (11.5/s, eta 96m)
[16:19:22] 69700/135997 pass=69174 fail=526 (11.5/s, eta 96m)
[16:19:26] 69750/135997 pass=69224 fail=526 (11.5/s, eta 96m)
[16:19:31] 69800/135997 pass=69274 fail=526 (11.5/s, eta 96m)
[16:19:36] 69850/135997 pass=69320 fail=530 (11.5/s, eta 96m)
[16:19:41] 69900/135997 pass=69370 fail=530 (11.5/s, eta 96m)
[16:19:45] 69950/135997 pass=69420 fail=530 (11.5/s, eta 96m)
[16:19:50] 70000/135997 pass=69469 fail=531 (11.5/s, eta 96m)
[16:19:54] 70050/135997 pass=69519 fail=531 (11.5/s, eta 95m)
[16:20:00] 70100/135997 pass=69569 fail=531 (11.5/s, eta 95m)
[16:20:04] 70150/135997 pass=69618 fail=532 (11.5/s, eta 95m)
[16:20:09] 70200/135997 pass=69667 fail=533 (11.5/s, eta 95m)
[16:20:15] 70250/135997 pass=69716 fail=534 (11.5/s, eta 95m)
[16:20:19] 70300/135997 pass=69765 fail=535 (11.5/s, eta 95m)
[16:20:24] 70350/135997 pass=69815 fail=535 (11.5/s, eta 95m)
[16:20:29] 70400/135997 pass=69865 fail=535 (11.5/s, eta 95m)
[16:20:35] 70450/135997 pass=69915 fail=535 (11.5/s, eta 95m)
[16:20:41] 70500/135997 pass=69965 fail=535 (11.5/s, eta 95m)
[16:20:47] 70550/135997 pass=70015 fail=535 (11.5/s, eta 95m)
[16:20:53] 70600/135997 pass=70065 fail=535 (11.5/s, eta 95m)
[16:20:58] 70650/135997 pass=70114 fail=536 (11.5/s, eta 95m)
[16:21:04] 70700/135997 pass=70163 fail=537 (11.5/s, eta 95m)
[16:21:10] 70750/135997 pass=70213 fail=537 (11.5/s, eta 95m)
[16:21:15] 70800/135997 pass=70263 fail=537 (11.5/s, eta 95m)
[16:21:21] 70850/135997 pass=70313 fail=537 (11.5/s, eta 95m)
[16:21:27] 70900/135997 pass=70362 fail=538 (11.5/s, eta 95m)
[16:21:31] 70950/135997 pass=70412 fail=538 (11.5/s, eta 94m)
[16:21:35] 71000/135997 pass=70462 fail=538 (11.5/s, eta 94m)
[16:21:39] 71050/135997 pass=70511 fail=539 (11.5/s, eta 94m)
[16:21:44] 71100/135997 pass=70561 fail=539 (11.5/s, eta 94m)
[16:21:49] 71150/135997 pass=70611 fail=539 (11.5/s, eta 94m)
[16:21:54] 71200/135997 pass=70660 fail=540 (11.5/s, eta 94m)
[16:21:59] 71250/135997 pass=70709 fail=541 (11.5/s, eta 94m)
[16:22:04] 71300/135997 pass=70759 fail=541 (11.5/s, eta 94m)
[16:22:12] 71350/135997 pass=70808 fail=542 (11.5/s, eta 94m)
[16:22:17] 71400/135997 pass=70857 fail=543 (11.5/s, eta 94m)
[16:22:22] 71450/135997 pass=70907 fail=543 (11.5/s, eta 94m)
[16:22:28] 71500/135997 pass=70957 fail=543 (11.5/s, eta 94m)
[16:22:34] 71550/135997 pass=71007 fail=543 (11.5/s, eta 94m)
[16:22:39] 71600/135997 pass=71056 fail=544 (11.5/s, eta 94m)
[16:22:44] 71650/135997 pass=71106 fail=544 (11.5/s, eta 94m)
[16:22:48] 71700/135997 pass=71156 fail=544 (11.5/s, eta 94m)
[16:22:52] 71750/135997 pass=71206 fail=544 (11.5/s, eta 93m)
[16:22:56] 71800/135997 pass=71256 fail=544 (11.5/s, eta 93m)
[16:23:00] 71850/135997 pass=71306 fail=544 (11.5/s, eta 93m)
[16:23:05] 71900/135997 pass=71354 fail=546 (11.5/s, eta 93m)
[16:23:09] 71950/135997 pass=71404 fail=546 (11.5/s, eta 93m)
[16:23:14] 72000/135997 pass=71453 fail=547 (11.5/s, eta 93m)
[16:23:18] 72050/135997 pass=71502 fail=548 (11.5/s, eta 93m)
[16:23:23] 72100/135997 pass=71551 fail=549 (11.5/s, eta 93m)
[16:23:27] 72150/135997 pass=71601 fail=549 (11.5/s, eta 93m)
[16:23:30] 72200/135997 pass=71651 fail=549 (11.5/s, eta 93m)
[16:23:34] 72250/135997 pass=71700 fail=550 (11.5/s, eta 93m)
[16:23:38] 72300/135997 pass=71750 fail=550 (11.5/s, eta 93m)
[16:23:43] 72350/135997 pass=71800 fail=550 (11.5/s, eta 93m)
[16:23:47] 72400/135997 pass=71849 fail=551 (11.5/s, eta 92m)
[16:23:52] 72450/135997 pass=71899 fail=551 (11.5/s, eta 92m)
[16:23:56] 72500/135997 pass=71949 fail=551 (11.5/s, eta 92m)
[16:24:01] 72550/135997 pass=71998 fail=552 (11.5/s, eta 92m)
[16:24:07] 72600/135997 pass=72048 fail=552 (11.5/s, eta 92m)
[16:24:13] 72650/135997 pass=72098 fail=552 (11.5/s, eta 92m)
[16:24:21] 72700/135997 pass=72148 fail=552 (11.4/s, eta 92m)
[16:24:33] 72750/135997 pass=72197 fail=553 (11.4/s, eta 92m)
[16:24:40] 72800/135997 pass=72247 fail=553 (11.4/s, eta 92m)
[16:24:47] 72850/135997 pass=72296 fail=554 (11.4/s, eta 92m)
[16:24:54] 72900/135997 pass=72344 fail=556 (11.4/s, eta 92m)
[16:24:59] 72950/135997 pass=72393 fail=557 (11.4/s, eta 92m)
[16:25:05] 73000/135997 pass=72442 fail=558 (11.4/s, eta 92m)
[16:25:10] 73050/135997 pass=72491 fail=559 (11.4/s, eta 92m)
[16:25:15] 73100/135997 pass=72538 fail=562 (11.4/s, eta 92m)
[16:25:22] 73150/135997 pass=72588 fail=562 (11.4/s, eta 92m)
[16:25:28] 73200/135997 pass=72638 fail=562 (11.4/s, eta 92m)
[16:25:33] 73250/135997 pass=72685 fail=565 (11.4/s, eta 92m)
[16:25:41] 73300/135997 pass=72735 fail=565 (11.4/s, eta 92m)
[16:25:48] 73350/135997 pass=72785 fail=565 (11.4/s, eta 92m)
[16:25:54] 73400/135997 pass=72835 fail=565 (11.4/s, eta 92m)
[16:26:00] 73450/135997 pass=72885 fail=565 (11.4/s, eta 92m)
[16:26:07] 73500/135997 pass=72935 fail=565 (11.4/s, eta 92m)
[16:26:13] 73550/135997 pass=72985 fail=565 (11.4/s, eta 91m)
[16:26:20] 73600/135997 pass=73035 fail=565 (11.4/s, eta 91m)
[16:26:27] 73650/135997 pass=73085 fail=565 (11.4/s, eta 91m)
[16:26:34] 73700/135997 pass=73135 fail=565 (11.4/s, eta 91m)
[16:26:40] 73750/135997 pass=73185 fail=565 (11.4/s, eta 91m)
[16:26:45] 73800/135997 pass=73235 fail=565 (11.4/s, eta 91m)
[16:26:51] 73850/135997 pass=73284 fail=566 (11.4/s, eta 91m)
[16:26:57] 73900/135997 pass=73334 fail=566 (11.4/s, eta 91m)
[16:27:02] 73950/135997 pass=73383 fail=567 (11.4/s, eta 91m)
[16:27:08] 74000/135997 pass=73433 fail=567 (11.4/s, eta 91m)
[16:27:14] 74050/135997 pass=73483 fail=567 (11.4/s, eta 91m)
[16:27:20] 74100/135997 pass=73532 fail=568 (11.3/s, eta 91m)
[16:27:25] 74150/135997 pass=73582 fail=568 (11.3/s, eta 91m)
[16:27:31] 74200/135997 pass=73631 fail=569 (11.3/s, eta 91m)
[16:27:37] 74250/135997 pass=73681 fail=569 (11.3/s, eta 91m)
[16:27:42] 74300/135997 pass=73731 fail=569 (11.3/s, eta 91m)
[16:27:48] 74350/135997 pass=73781 fail=569 (11.3/s, eta 91m)
[16:27:56] 74400/135997 pass=73831 fail=569 (11.3/s, eta 91m)
[16:28:03] 74450/135997 pass=73881 fail=569 (11.3/s, eta 91m)
[16:28:11] 74500/135997 pass=73931 fail=569 (11.3/s, eta 91m)
[16:28:18] 74550/135997 pass=73980 fail=570 (11.3/s, eta 91m)
[16:28:26] 74600/135997 pass=74030 fail=570 (11.3/s, eta 90m)
[16:28:32] 74650/135997 pass=74079 fail=571 (11.3/s, eta 90m)
[16:28:39] 74700/135997 pass=74127 fail=573 (11.3/s, eta 90m)
[16:28:45] 74750/135997 pass=74176 fail=574 (11.3/s, eta 90m)
[16:28:50] 74800/135997 pass=74226 fail=574 (11.3/s, eta 90m)
[16:28:54] 74850/135997 pass=74276 fail=574 (11.3/s, eta 90m)
[16:28:59] 74900/135997 pass=74326 fail=574 (11.3/s, eta 90m)
[16:29:04] 74950/135997 pass=74376 fail=574 (11.3/s, eta 90m)
[16:29:08] 75000/135997 pass=74426 fail=574 (11.3/s, eta 90m)
[16:29:14] 75050/135997 pass=74475 fail=575 (11.3/s, eta 90m)
[16:29:18] 75100/135997 pass=74525 fail=575 (11.3/s, eta 90m)
[16:29:23] 75150/135997 pass=74575 fail=575 (11.3/s, eta 90m)
[16:29:28] 75200/135997 pass=74624 fail=576 (11.3/s, eta 90m)
[16:29:33] 75250/135997 pass=74672 fail=578 (11.3/s, eta 90m)
[16:29:38] 75300/135997 pass=74722 fail=578 (11.3/s, eta 90m)
[16:29:43] 75350/135997 pass=74771 fail=579 (11.3/s, eta 90m)
[16:29:47] 75400/135997 pass=74819 fail=581 (11.3/s, eta 89m)
[16:29:52] 75450/135997 pass=74869 fail=581 (11.3/s, eta 89m)
[16:29:56] 75500/135997 pass=74919 fail=581 (11.3/s, eta 89m)
[16:30:01] 75550/135997 pass=74969 fail=581 (11.3/s, eta 89m)
[16:30:06] 75600/135997 pass=75018 fail=582 (11.3/s, eta 89m)
[16:30:10] 75650/135997 pass=75068 fail=582 (11.3/s, eta 89m)
[16:30:15] 75700/135997 pass=75116 fail=584 (11.3/s, eta 89m)
[16:30:19] 75750/135997 pass=75166 fail=584 (11.3/s, eta 89m)
[16:30:24] 75800/135997 pass=75216 fail=584 (11.3/s, eta 89m)
[16:30:29] 75850/135997 pass=75265 fail=585 (11.3/s, eta 89m)
[16:30:35] 75900/135997 pass=75315 fail=585 (11.3/s, eta 89m)
[16:30:40] 75950/135997 pass=75364 fail=586 (11.3/s, eta 89m)
[16:30:45] 76000/135997 pass=75414 fail=586 (11.3/s, eta 89m)
[16:30:50] 76050/135997 pass=75463 fail=587 (11.3/s, eta 89m)
[16:30:56] 76100/135997 pass=75513 fail=587 (11.3/s, eta 88m)
[16:31:02] 76150/135997 pass=75563 fail=587 (11.3/s, eta 88m)
[16:31:07] 76200/135997 pass=75613 fail=587 (11.3/s, eta 88m)
[16:31:12] 76250/135997 pass=75663 fail=587 (11.3/s, eta 88m)
[16:31:17] 76300/135997 pass=75712 fail=588 (11.3/s, eta 88m)
[16:31:23] 76350/135997 pass=75762 fail=588 (11.3/s, eta 88m)
[16:31:29] 76400/135997 pass=75812 fail=588 (11.3/s, eta 88m)
[16:31:34] 76450/135997 pass=75861 fail=589 (11.3/s, eta 88m)
[16:31:39] 76500/135997 pass=75911 fail=589 (11.3/s, eta 88m)
[16:31:44] 76550/135997 pass=75961 fail=589 (11.3/s, eta 88m)
[16:31:48] 76600/135997 pass=76009 fail=591 (11.3/s, eta 88m)
[16:31:54] 76650/135997 pass=76058 fail=592 (11.3/s, eta 88m)
[16:31:59] 76700/135997 pass=76108 fail=592 (11.3/s, eta 88m)
[16:32:05] 76750/135997 pass=76158 fail=592 (11.3/s, eta 88m)
[16:32:10] 76800/135997 pass=76208 fail=592 (11.3/s, eta 88m)
[16:32:15] 76850/135997 pass=76258 fail=592 (11.3/s, eta 88m)
[16:32:20] 76900/135997 pass=76308 fail=592 (11.3/s, eta 87m)
[16:32:24] 76950/135997 pass=76358 fail=592 (11.3/s, eta 87m)
[16:32:28] 77000/135997 pass=76407 fail=593 (11.3/s, eta 87m)
[16:32:33] 77050/135997 pass=76456 fail=594 (11.3/s, eta 87m)
[16:32:39] 77100/135997 pass=76506 fail=594 (11.3/s, eta 87m)
[16:32:44] 77150/135997 pass=76556 fail=594 (11.3/s, eta 87m)
[16:32:48] 77200/135997 pass=76606 fail=594 (11.3/s, eta 87m)
[16:32:54] 77250/135997 pass=76655 fail=595 (11.3/s, eta 87m)
[16:32:59] 77300/135997 pass=76705 fail=595 (11.3/s, eta 87m)
[16:33:05] 77350/135997 pass=76753 fail=597 (11.3/s, eta 87m)
[16:33:11] 77400/135997 pass=76803 fail=597 (11.2/s, eta 87m)
[16:33:16] 77450/135997 pass=76853 fail=597 (11.2/s, eta 87m)
[16:33:21] 77500/135997 pass=76902 fail=598 (11.2/s, eta 87m)
[16:33:25] 77550/135997 pass=76951 fail=599 (11.2/s, eta 87m)
[16:33:30] 77600/135997 pass=77001 fail=599 (11.2/s, eta 87m)
[16:33:35] 77650/135997 pass=77051 fail=599 (11.2/s, eta 86m)
[16:33:38] 77700/135997 pass=77101 fail=599 (11.2/s, eta 86m)
[16:33:42] 77750/135997 pass=77151 fail=599 (11.2/s, eta 86m)
[16:33:46] 77800/135997 pass=77201 fail=599 (11.2/s, eta 86m)
[16:33:50] 77850/135997 pass=77250 fail=600 (11.3/s, eta 86m)
[16:33:54] 77900/135997 pass=77300 fail=600 (11.3/s, eta 86m)
[16:33:58] 77950/135997 pass=77349 fail=601 (11.3/s, eta 86m)
[16:34:02] 78000/135997 pass=77399 fail=601 (11.3/s, eta 86m)
[16:34:06] 78050/135997 pass=77448 fail=602 (11.3/s, eta 86m)
[16:34:10] 78100/135997 pass=77498 fail=602 (11.3/s, eta 86m)
[16:34:14] 78150/135997 pass=77548 fail=602 (11.3/s, eta 86m)
[16:34:19] 78200/135997 pass=77597 fail=603 (11.3/s, eta 86m)
[16:34:23] 78250/135997 pass=77647 fail=603 (11.3/s, eta 86m)
[16:34:27] 78300/135997 pass=77696 fail=604 (11.3/s, eta 85m)
[16:34:31] 78350/135997 pass=77746 fail=604 (11.3/s, eta 85m)
[16:34:36] 78400/135997 pass=77796 fail=604 (11.3/s, eta 85m)
[16:34:39] 78450/135997 pass=77846 fail=604 (11.3/s, eta 85m)
[16:34:44] 78500/135997 pass=77896 fail=604 (11.3/s, eta 85m)
[16:34:47] 78550/135997 pass=77946 fail=604 (11.3/s, eta 85m)
[16:34:51] 78600/135997 pass=77996 fail=604 (11.3/s, eta 85m)
[16:34:55] 78650/135997 pass=78044 fail=606 (11.3/s, eta 85m)
[16:34:59] 78700/135997 pass=78094 fail=606 (11.3/s, eta 85m)
[16:35:03] 78750/135997 pass=78143 fail=607 (11.3/s, eta 85m)
[16:35:07] 78800/135997 pass=78193 fail=607 (11.3/s, eta 85m)
[16:35:11] 78850/135997 pass=78243 fail=607 (11.3/s, eta 85m)
[16:35:14] 78900/135997 pass=78292 fail=608 (11.3/s, eta 84m)
[16:35:20] 78950/135997 pass=78341 fail=609 (11.3/s, eta 84m)
[16:35:25] 79000/135997 pass=78391 fail=609 (11.3/s, eta 84m)
[16:35:30] 79050/135997 pass=78441 fail=609 (11.3/s, eta 84m)
[16:35:35] 79100/135997 pass=78491 fail=609 (11.3/s, eta 84m)
[16:35:41] 79150/135997 pass=78541 fail=609 (11.3/s, eta 84m)
[16:35:46] 79200/135997 pass=78591 fail=609 (11.3/s, eta 84m)
[16:35:51] 79250/135997 pass=78641 fail=609 (11.3/s, eta 84m)
[16:35:55] 79300/135997 pass=78690 fail=610 (11.3/s, eta 84m)
[16:36:00] 79350/135997 pass=78739 fail=611 (11.3/s, eta 84m)
[16:36:04] 79400/135997 pass=78789 fail=611 (11.3/s, eta 84m)
[16:36:08] 79450/135997 pass=78839 fail=611 (11.3/s, eta 84m)
[16:36:13] 79500/135997 pass=78889 fail=611 (11.3/s, eta 84m)
[16:36:18] 79550/135997 pass=78939 fail=611 (11.3/s, eta 84m)
[16:36:23] 79600/135997 pass=78989 fail=611 (11.3/s, eta 84m)
[16:36:27] 79650/135997 pass=79038 fail=612 (11.3/s, eta 83m)
[16:36:32] 79700/135997 pass=79086 fail=614 (11.3/s, eta 83m)
[16:36:36] 79750/135997 pass=79136 fail=614 (11.3/s, eta 83m)
[16:36:40] 79800/135997 pass=79185 fail=615 (11.3/s, eta 83m)
[16:36:44] 79850/135997 pass=79235 fail=615 (11.3/s, eta 83m)
[16:36:47] 79900/135997 pass=79285 fail=615 (11.3/s, eta 83m)
[16:36:51] 79950/135997 pass=79335 fail=615 (11.3/s, eta 83m)
[16:36:54] 80000/135997 pass=79384 fail=616 (11.3/s, eta 83m)
[16:36:58] 80050/135997 pass=79434 fail=616 (11.3/s, eta 83m)
[16:37:02] 80100/135997 pass=79484 fail=616 (11.3/s, eta 83m)
[16:37:05] 80150/135997 pass=79534 fail=616 (11.3/s, eta 83m)
[16:37:09] 80200/135997 pass=79584 fail=616 (11.3/s, eta 83m)
[16:37:13] 80250/135997 pass=79634 fail=616 (11.3/s, eta 82m)
[16:37:16] 80300/135997 pass=79684 fail=616 (11.3/s, eta 82m)
[16:37:20] 80350/135997 pass=79734 fail=616 (11.3/s, eta 82m)
[16:37:24] 80400/135997 pass=79784 fail=616 (11.3/s, eta 82m)
[16:37:28] 80450/135997 pass=79834 fail=616 (11.3/s, eta 82m)
[16:37:31] 80500/135997 pass=79883 fail=617 (11.3/s, eta 82m)
[16:37:35] 80550/135997 pass=79930 fail=620 (11.3/s, eta 82m)
[16:37:39] 80600/135997 pass=79978 fail=622 (11.3/s, eta 82m)
[16:37:42] 80650/135997 pass=80028 fail=622 (11.3/s, eta 82m)
[16:37:45] 80700/135997 pass=80078 fail=622 (11.3/s, eta 82m)
[16:37:48] 80750/135997 pass=80128 fail=622 (11.3/s, eta 82m)
[16:37:52] 80800/135997 pass=80178 fail=622 (11.3/s, eta 82m)
[16:37:55] 80850/135997 pass=80227 fail=623 (11.3/s, eta 81m)
[16:37:59] 80900/135997 pass=80277 fail=623 (11.3/s, eta 81m)
[16:38:02] 80950/135997 pass=80327 fail=623 (11.3/s, eta 81m)
[16:38:06] 81000/135997 pass=80376 fail=624 (11.3/s, eta 81m)
[16:38:09] 81050/135997 pass=80425 fail=625 (11.3/s, eta 81m)
[16:38:13] 81100/135997 pass=80475 fail=625 (11.3/s, eta 81m)
[16:38:17] 81150/135997 pass=80525 fail=625 (11.3/s, eta 81m)
[16:38:20] 81200/135997 pass=80575 fail=625 (11.3/s, eta 81m)
[16:38:24] 81250/135997 pass=80625 fail=625 (11.3/s, eta 81m)
[16:38:27] 81300/135997 pass=80673 fail=627 (11.3/s, eta 81m)
[16:38:31] 81350/135997 pass=80722 fail=628 (11.3/s, eta 81m)
[16:38:35] 81400/135997 pass=80772 fail=628 (11.3/s, eta 81m)
[16:38:40] 81450/135997 pass=80822 fail=628 (11.3/s, eta 80m)
[16:38:44] 81500/135997 pass=80871 fail=629 (11.3/s, eta 80m)
[16:38:48] 81550/135997 pass=80921 fail=629 (11.3/s, eta 80m)
[16:38:52] 81600/135997 pass=80970 fail=630 (11.3/s, eta 80m)
[16:38:56] 81650/135997 pass=81020 fail=630 (11.3/s, eta 80m)
[16:38:59] 81700/135997 pass=81070 fail=630 (11.3/s, eta 80m)
[16:39:03] 81750/135997 pass=81117 fail=633 (11.3/s, eta 80m)
[16:39:07] 81800/135997 pass=81166 fail=634 (11.3/s, eta 80m)
[16:39:10] 81850/135997 pass=81216 fail=634 (11.3/s, eta 80m)
[16:39:13] 81900/135997 pass=81265 fail=635 (11.3/s, eta 80m)
[16:39:17] 81950/135997 pass=81315 fail=635 (11.3/s, eta 80m)
[16:39:21] 82000/135997 pass=81365 fail=635 (11.3/s, eta 80m)
[16:39:25] 82050/135997 pass=81413 fail=637 (11.3/s, eta 80m)
[16:39:30] 82100/135997 pass=81463 fail=637 (11.3/s, eta 79m)
[16:39:34] 82150/135997 pass=81513 fail=637 (11.3/s, eta 79m)
[16:39:37] 82200/135997 pass=81563 fail=637 (11.3/s, eta 79m)
[16:39:42] 82250/135997 pass=81610 fail=640 (11.3/s, eta 79m)
[16:39:47] 82300/135997 pass=81660 fail=640 (11.3/s, eta 79m)
[16:39:52] 82350/135997 pass=81708 fail=642 (11.3/s, eta 79m)
[16:39:56] 82400/135997 pass=81756 fail=644 (11.3/s, eta 79m)
[16:40:01] 82450/135997 pass=81806 fail=644 (11.3/s, eta 79m)
[16:40:06] 82500/135997 pass=81856 fail=644 (11.3/s, eta 79m)
[16:40:10] 82550/135997 pass=81905 fail=645 (11.3/s, eta 79m)
[16:40:15] 82600/135997 pass=81955 fail=645 (11.3/s, eta 79m)
[16:40:20] 82650/135997 pass=82005 fail=645 (11.3/s, eta 79m)
[16:40:24] 82700/135997 pass=82055 fail=645 (11.3/s, eta 79m)
[16:40:28] 82750/135997 pass=82104 fail=646 (11.3/s, eta 78m)
[16:40:32] 82800/135997 pass=82154 fail=646 (11.3/s, eta 78m)
[16:40:36] 82850/135997 pass=82204 fail=646 (11.3/s, eta 78m)
[16:40:40] 82900/135997 pass=82253 fail=647 (11.3/s, eta 78m)
[16:40:44] 82950/135997 pass=82302 fail=648 (11.3/s, eta 78m)
[16:40:49] 83000/135997 pass=82351 fail=649 (11.3/s, eta 78m)
[16:40:53] 83050/135997 pass=82401 fail=649 (11.3/s, eta 78m)
[16:40:57] 83100/135997 pass=82450 fail=650 (11.3/s, eta 78m)
[16:41:01] 83150/135997 pass=82499 fail=651 (11.3/s, eta 78m)
[16:41:06] 83200/135997 pass=82549 fail=651 (11.3/s, eta 78m)
[16:41:10] 83250/135997 pass=82599 fail=651 (11.3/s, eta 78m)
[16:41:14] 83300/135997 pass=82649 fail=651 (11.3/s, eta 78m)
[16:41:18] 83350/135997 pass=82699 fail=651 (11.3/s, eta 78m)
[16:41:23] 83400/135997 pass=82748 fail=652 (11.3/s, eta 77m)
[16:41:28] 83450/135997 pass=82798 fail=652 (11.3/s, eta 77m)
[16:41:33] 83500/135997 pass=82847 fail=653 (11.3/s, eta 77m)
[16:41:37] 83550/135997 pass=82897 fail=653 (11.3/s, eta 77m)
[16:41:42] 83600/135997 pass=82947 fail=653 (11.3/s, eta 77m)
[16:41:46] 83650/135997 pass=82996 fail=654 (11.3/s, eta 77m)
[16:41:50] 83700/135997 pass=83046 fail=654 (11.3/s, eta 77m)
[16:41:55] 83750/135997 pass=83095 fail=655 (11.3/s, eta 77m)
[16:41:59] 83800/135997 pass=83145 fail=655 (11.3/s, eta 77m)
[16:42:04] 83850/135997 pass=83195 fail=655 (11.3/s, eta 77m)
[16:42:08] 83900/135997 pass=83243 fail=657 (11.3/s, eta 77m)
[16:42:12] 83950/135997 pass=83292 fail=658 (11.3/s, eta 77m)
[16:42:16] 84000/135997 pass=83342 fail=658 (11.3/s, eta 77m)
[16:42:20] 84050/135997 pass=83392 fail=658 (11.3/s, eta 77m)
[16:42:24] 84100/135997 pass=83442 fail=658 (11.3/s, eta 76m)
[16:42:28] 84150/135997 pass=83492 fail=658 (11.3/s, eta 76m)
[16:42:33] 84200/135997 pass=83542 fail=658 (11.3/s, eta 76m)
[16:42:37] 84250/135997 pass=83591 fail=659 (11.3/s, eta 76m)
[16:42:42] 84300/135997 pass=83641 fail=659 (11.3/s, eta 76m)
[16:42:46] 84350/135997 pass=83689 fail=661 (11.3/s, eta 76m)
[16:42:50] 84400/135997 pass=83739 fail=661 (11.3/s, eta 76m)
[16:42:54] 84450/135997 pass=83789 fail=661 (11.3/s, eta 76m)
[16:42:58] 84500/135997 pass=83838 fail=662 (11.3/s, eta 76m)
[16:43:02] 84550/135997 pass=83888 fail=662 (11.3/s, eta 76m)
[16:43:06] 84600/135997 pass=83938 fail=662 (11.3/s, eta 76m)
[16:43:11] 84650/135997 pass=83987 fail=663 (11.3/s, eta 76m)
[16:43:15] 84700/135997 pass=84036 fail=664 (11.3/s, eta 76m)
[16:43:20] 84750/135997 pass=84086 fail=664 (11.3/s, eta 75m)
[16:43:24] 84800/135997 pass=84134 fail=666 (11.3/s, eta 75m)
[16:43:28] 84850/135997 pass=84183 fail=667 (11.3/s, eta 75m)
[16:43:32] 84900/135997 pass=84233 fail=667 (11.3/s, eta 75m)
[16:43:36] 84950/135997 pass=84283 fail=667 (11.3/s, eta 75m)
[16:43:40] 85000/135997 pass=84333 fail=667 (11.3/s, eta 75m)
[16:43:44] 85050/135997 pass=84383 fail=667 (11.3/s, eta 75m)
[16:43:48] 85100/135997 pass=84433 fail=667 (11.3/s, eta 75m)
[16:43:53] 85150/135997 pass=84483 fail=667 (11.3/s, eta 75m)
[16:43:57] 85200/135997 pass=84533 fail=667 (11.3/s, eta 75m)
[16:44:02] 85250/135997 pass=84583 fail=667 (11.3/s, eta 75m)
[16:44:06] 85300/135997 pass=84632 fail=668 (11.3/s, eta 75m)
[16:44:10] 85350/135997 pass=84680 fail=670 (11.3/s, eta 75m)
[16:44:15] 85400/135997 pass=84730 fail=670 (11.3/s, eta 75m)
[16:44:19] 85450/135997 pass=84780 fail=670 (11.3/s, eta 74m)
[16:44:24] 85500/135997 pass=84830 fail=670 (11.3/s, eta 74m)
[16:44:29] 85550/135997 pass=84880 fail=670 (11.3/s, eta 74m)
[16:44:33] 85600/135997 pass=84930 fail=670 (11.3/s, eta 74m)
[16:44:37] 85650/135997 pass=84980 fail=670 (11.3/s, eta 74m)
[16:44:42] 85700/135997 pass=85030 fail=670 (11.3/s, eta 74m)
[16:44:47] 85750/135997 pass=85079 fail=671 (11.3/s, eta 74m)
[16:44:51] 85800/135997 pass=85129 fail=671 (11.3/s, eta 74m)
[16:44:55] 85850/135997 pass=85179 fail=671 (11.3/s, eta 74m)
[16:44:59] 85900/135997 pass=85229 fail=671 (11.3/s, eta 74m)
[16:45:03] 85950/135997 pass=85279 fail=671 (11.3/s, eta 74m)
[16:45:07] 86000/135997 pass=85329 fail=671 (11.3/s, eta 74m)
[16:45:11] 86050/135997 pass=85379 fail=671 (11.3/s, eta 74m)
[16:45:16] 86100/135997 pass=85429 fail=671 (11.3/s, eta 73m)
[16:45:20] 86150/135997 pass=85479 fail=671 (11.3/s, eta 73m)
[16:45:25] 86200/135997 pass=85529 fail=671 (11.3/s, eta 73m)
[16:45:29] 86250/135997 pass=85579 fail=671 (11.3/s, eta 73m)
[16:45:34] 86300/135997 pass=85629 fail=671 (11.3/s, eta 73m)
[16:45:38] 86350/135997 pass=85679 fail=671 (11.3/s, eta 73m)
[16:45:42] 86400/135997 pass=85729 fail=671 (11.3/s, eta 73m)
[16:45:47] 86450/135997 pass=85779 fail=671 (11.3/s, eta 73m)
[16:45:52] 86500/135997 pass=85829 fail=671 (11.3/s, eta 73m)
[16:45:56] 86550/135997 pass=85878 fail=672 (11.3/s, eta 73m)
[16:46:01] 86600/135997 pass=85928 fail=672 (11.3/s, eta 73m)
[16:46:06] 86650/135997 pass=85978 fail=672 (11.3/s, eta 73m)
[16:46:10] 86700/135997 pass=86028 fail=672 (11.3/s, eta 73m)
[16:46:14] 86750/135997 pass=86076 fail=674 (11.3/s, eta 73m)
[16:46:18] 86800/135997 pass=86126 fail=674 (11.3/s, eta 72m)
[16:46:22] 86850/135997 pass=86175 fail=675 (11.3/s, eta 72m)
[16:46:27] 86900/135997 pass=86224 fail=676 (11.3/s, eta 72m)
[16:46:31] 86950/135997 pass=86273 fail=677 (11.3/s, eta 72m)
[16:46:35] 87000/135997 pass=86322 fail=678 (11.3/s, eta 72m)
[16:46:40] 87050/135997 pass=86371 fail=679 (11.3/s, eta 72m)
[16:46:43] 87100/135997 pass=86420 fail=680 (11.3/s, eta 72m)
[16:46:47] 87150/135997 pass=86469 fail=681 (11.3/s, eta 72m)
[16:46:51] 87200/135997 pass=86518 fail=682 (11.3/s, eta 72m)
[16:46:56] 87250/135997 pass=86568 fail=682 (11.3/s, eta 72m)
[16:47:01] 87300/135997 pass=86618 fail=682 (11.3/s, eta 72m)
[16:47:05] 87350/135997 pass=86667 fail=683 (11.3/s, eta 72m)
[16:47:09] 87400/135997 pass=86716 fail=684 (11.3/s, eta 72m)
[16:47:13] 87450/135997 pass=86766 fail=684 (11.3/s, eta 71m)
[16:47:17] 87500/135997 pass=86815 fail=685 (11.3/s, eta 71m)
[16:47:22] 87550/135997 pass=86865 fail=685 (11.3/s, eta 71m)
[16:47:27] 87600/135997 pass=86915 fail=685 (11.3/s, eta 71m)
[16:47:31] 87650/135997 pass=86965 fail=685 (11.3/s, eta 71m)
[16:47:35] 87700/135997 pass=87015 fail=685 (11.3/s, eta 71m)
[16:47:39] 87750/135997 pass=87065 fail=685 (11.3/s, eta 71m)
[16:47:43] 87800/135997 pass=87115 fail=685 (11.3/s, eta 71m)
[16:47:46] 87850/135997 pass=87165 fail=685 (11.3/s, eta 71m)
[16:47:50] 87900/135997 pass=87215 fail=685 (11.3/s, eta 71m)
[16:47:54] 87950/135997 pass=87265 fail=685 (11.3/s, eta 71m)
[16:47:59] 88000/135997 pass=87315 fail=685 (11.3/s, eta 71m)
[16:48:03] 88050/135997 pass=87365 fail=685 (11.3/s, eta 71m)
[16:48:07] 88100/135997 pass=87415 fail=685 (11.3/s, eta 70m)
[16:48:10] 88150/135997 pass=87465 fail=685 (11.3/s, eta 70m)
[16:48:14] 88200/135997 pass=87515 fail=685 (11.3/s, eta 70m)
[16:48:19] 88250/135997 pass=87564 fail=686 (11.3/s, eta 70m)
[16:48:23] 88300/135997 pass=87614 fail=686 (11.3/s, eta 70m)
[16:48:27] 88350/135997 pass=87664 fail=686 (11.3/s, eta 70m)
[16:48:31] 88400/135997 pass=87714 fail=686 (11.3/s, eta 70m)
[16:48:36] 88450/135997 pass=87763 fail=687 (11.3/s, eta 70m)
[16:48:40] 88500/135997 pass=87813 fail=687 (11.3/s, eta 70m)
[16:48:44] 88550/135997 pass=87863 fail=687 (11.3/s, eta 70m)
[16:48:48] 88600/135997 pass=87913 fail=687 (11.3/s, eta 70m)
[16:48:52] 88650/135997 pass=87963 fail=687 (11.3/s, eta 70m)
[16:48:56] 88700/135997 pass=88011 fail=689 (11.3/s, eta 70m)
[16:49:01] 88750/135997 pass=88059 fail=691 (11.3/s, eta 69m)
[16:49:05] 88800/135997 pass=88109 fail=691 (11.3/s, eta 69m)
[16:49:09] 88850/135997 pass=88159 fail=691 (11.3/s, eta 69m)
[16:49:13] 88900/135997 pass=88209 fail=691 (11.3/s, eta 69m)
[16:49:17] 88950/135997 pass=88259 fail=691 (11.3/s, eta 69m)
[16:49:20] 89000/135997 pass=88309 fail=691 (11.3/s, eta 69m)
[16:49:24] 89050/135997 pass=88358 fail=692 (11.3/s, eta 69m)
[16:49:27] 89100/135997 pass=88408 fail=692 (11.3/s, eta 69m)
[16:49:31] 89150/135997 pass=88458 fail=692 (11.3/s, eta 69m)
[16:49:34] 89200/135997 pass=88508 fail=692 (11.3/s, eta 69m)
[16:49:38] 89250/135997 pass=88558 fail=692 (11.3/s, eta 69m)
[16:49:43] 89300/135997 pass=88607 fail=693 (11.3/s, eta 69m)
[16:49:47] 89350/135997 pass=88656 fail=694 (11.3/s, eta 69m)
[16:49:51] 89400/135997 pass=88705 fail=695 (11.3/s, eta 68m)
[16:49:55] 89450/135997 pass=88754 fail=696 (11.3/s, eta 68m)
[16:49:58] 89500/135997 pass=88804 fail=696 (11.3/s, eta 68m)
[16:50:03] 89550/135997 pass=88853 fail=697 (11.3/s, eta 68m)
[16:50:07] 89600/135997 pass=88903 fail=697 (11.3/s, eta 68m)
[16:50:11] 89650/135997 pass=88953 fail=697 (11.3/s, eta 68m)
[16:50:16] 89700/135997 pass=89003 fail=697 (11.3/s, eta 68m)
[16:50:20] 89750/135997 pass=89053 fail=697 (11.3/s, eta 68m)
[16:50:23] 89800/135997 pass=89103 fail=697 (11.3/s, eta 68m)
[16:50:27] 89850/135997 pass=89151 fail=699 (11.3/s, eta 68m)
[16:50:31] 89900/135997 pass=89201 fail=699 (11.3/s, eta 68m)
[16:50:35] 89950/135997 pass=89251 fail=699 (11.4/s, eta 68m)
[16:50:38] 90000/135997 pass=89300 fail=700 (11.4/s, eta 68m)
[16:50:42] 90050/135997 pass=89350 fail=700 (11.4/s, eta 67m)
[16:50:46] 90100/135997 pass=89399 fail=701 (11.4/s, eta 67m)
[16:50:50] 90150/135997 pass=89449 fail=701 (11.4/s, eta 67m)
[16:50:54] 90200/135997 pass=89498 fail=702 (11.4/s, eta 67m)
[16:50:58] 90250/135997 pass=89547 fail=703 (11.4/s, eta 67m)
[16:51:02] 90300/135997 pass=89595 fail=705 (11.4/s, eta 67m)
[16:51:07] 90350/135997 pass=89643 fail=707 (11.4/s, eta 67m)
[16:51:11] 90400/135997 pass=89693 fail=707 (11.4/s, eta 67m)
[16:51:15] 90450/135997 pass=89743 fail=707 (11.4/s, eta 67m)
[16:51:20] 90500/135997 pass=89793 fail=707 (11.4/s, eta 67m)
[16:51:24] 90550/135997 pass=89843 fail=707 (11.4/s, eta 67m)
[16:51:28] 90600/135997 pass=89893 fail=707 (11.4/s, eta 67m)
[16:51:33] 90650/135997 pass=89943 fail=707 (11.4/s, eta 67m)
[16:51:37] 90700/135997 pass=89993 fail=707 (11.4/s, eta 66m)
[16:51:42] 90750/135997 pass=90043 fail=707 (11.4/s, eta 66m)
[16:51:46] 90800/135997 pass=90093 fail=707 (11.4/s, eta 66m)
[16:51:50] 90850/135997 pass=90143 fail=707 (11.4/s, eta 66m)
[16:51:54] 90900/135997 pass=90193 fail=707 (11.4/s, eta 66m)
[16:51:59] 90950/135997 pass=90243 fail=707 (11.4/s, eta 66m)
[16:52:03] 91000/135997 pass=90292 fail=708 (11.4/s, eta 66m)
[16:52:07] 91050/135997 pass=90342 fail=708 (11.4/s, eta 66m)
[16:52:11] 91100/135997 pass=90391 fail=709 (11.4/s, eta 66m)
[16:52:14] 91150/135997 pass=90441 fail=709 (11.4/s, eta 66m)
[16:52:18] 91200/135997 pass=90491 fail=709 (11.4/s, eta 66m)
[16:52:21] 91250/135997 pass=90540 fail=710 (11.4/s, eta 66m)
[16:52:25] 91300/135997 pass=90590 fail=710 (11.4/s, eta 66m)
[16:52:30] 91350/135997 pass=90640 fail=710 (11.4/s, eta 65m)
[16:52:35] 91400/135997 pass=90690 fail=710 (11.4/s, eta 65m)
[16:52:39] 91450/135997 pass=90739 fail=711 (11.4/s, eta 65m)
[16:52:43] 91500/135997 pass=90789 fail=711 (11.4/s, eta 65m)
[16:52:48] 91550/135997 pass=90839 fail=711 (11.4/s, eta 65m)
[16:52:51] 91600/135997 pass=90889 fail=711 (11.4/s, eta 65m)
[16:52:56] 91650/135997 pass=90939 fail=711 (11.4/s, eta 65m)
[16:53:00] 91700/135997 pass=90989 fail=711 (11.4/s, eta 65m)
[16:53:04] 91750/135997 pass=91038 fail=712 (11.4/s, eta 65m)
[16:53:08] 91800/135997 pass=91086 fail=714 (11.4/s, eta 65m)
[16:53:12] 91850/135997 pass=91136 fail=714 (11.4/s, eta 65m)
[16:53:16] 91900/135997 pass=91186 fail=714 (11.4/s, eta 65m)
[16:53:19] 91950/135997 pass=91236 fail=714 (11.4/s, eta 65m)
[16:53:23] 92000/135997 pass=91286 fail=714 (11.4/s, eta 65m)
[16:53:28] 92050/135997 pass=91336 fail=714 (11.4/s, eta 64m)
[16:53:32] 92100/135997 pass=91385 fail=715 (11.4/s, eta 64m)
[16:53:36] 92150/135997 pass=91435 fail=715 (11.4/s, eta 64m)
[16:53:39] 92200/135997 pass=91485 fail=715 (11.4/s, eta 64m)
[16:53:43] 92250/135997 pass=91535 fail=715 (11.4/s, eta 64m)
[16:53:46] 92300/135997 pass=91585 fail=715 (11.4/s, eta 64m)
[16:53:50] 92350/135997 pass=91635 fail=715 (11.4/s, eta 64m)
[16:53:54] 92400/135997 pass=91685 fail=715 (11.4/s, eta 64m)
[16:53:58] 92450/135997 pass=91734 fail=716 (11.4/s, eta 64m)
[16:54:02] 92500/135997 pass=91783 fail=717 (11.4/s, eta 64m)
[16:54:06] 92550/135997 pass=91833 fail=717 (11.4/s, eta 64m)
[16:54:11] 92600/135997 pass=91882 fail=718 (11.4/s, eta 64m)
[16:54:15] 92650/135997 pass=91932 fail=718 (11.4/s, eta 64m)
[16:54:19] 92700/135997 pass=91981 fail=719 (11.4/s, eta 63m)
[16:54:24] 92750/135997 pass=92030 fail=720 (11.4/s, eta 63m)
[16:54:28] 92800/135997 pass=92080 fail=720 (11.4/s, eta 63m)
[16:54:32] 92850/135997 pass=92130 fail=720 (11.4/s, eta 63m)
[16:54:36] 92900/135997 pass=92180 fail=720 (11.4/s, eta 63m)
[16:54:40] 92950/135997 pass=92230 fail=720 (11.4/s, eta 63m)
[16:54:44] 93000/135997 pass=92280 fail=720 (11.4/s, eta 63m)
[16:54:48] 93050/135997 pass=92329 fail=721 (11.4/s, eta 63m)
[16:54:52] 93100/135997 pass=92379 fail=721 (11.4/s, eta 63m)
[16:54:56] 93150/135997 pass=92429 fail=721 (11.4/s, eta 63m)
[16:55:00] 93200/135997 pass=92478 fail=722 (11.4/s, eta 63m)
[16:55:03] 93250/135997 pass=92527 fail=723 (11.4/s, eta 63m)
[16:55:07] 93300/135997 pass=92577 fail=723 (11.4/s, eta 63m)
[16:55:10] 93350/135997 pass=92627 fail=723 (11.4/s, eta 62m)
[16:55:15] 93400/135997 pass=92676 fail=724 (11.4/s, eta 62m)
[16:55:19] 93450/135997 pass=92726 fail=724 (11.4/s, eta 62m)
[16:55:23] 93500/135997 pass=92776 fail=724 (11.4/s, eta 62m)
[16:55:27] 93550/135997 pass=92826 fail=724 (11.4/s, eta 62m)
[16:55:32] 93600/135997 pass=92876 fail=724 (11.4/s, eta 62m)
[16:55:36] 93650/135997 pass=92925 fail=725 (11.4/s, eta 62m)
[16:55:40] 93700/135997 pass=92975 fail=725 (11.4/s, eta 62m)
[16:55:44] 93750/135997 pass=93025 fail=725 (11.4/s, eta 62m)
[16:55:48] 93800/135997 pass=93075 fail=725 (11.4/s, eta 62m)
[16:55:53] 93850/135997 pass=93125 fail=725 (11.4/s, eta 62m)
[16:55:56] 93900/135997 pass=93174 fail=726 (11.4/s, eta 62m)
[16:56:00] 93950/135997 pass=93223 fail=727 (11.4/s, eta 62m)
[16:56:04] 94000/135997 pass=93271 fail=729 (11.4/s, eta 61m)
[16:56:08] 94050/135997 pass=93320 fail=730 (11.4/s, eta 61m)
[16:56:13] 94100/135997 pass=93370 fail=730 (11.4/s, eta 61m)
[16:56:16] 94150/135997 pass=93420 fail=730 (11.4/s, eta 61m)
[16:56:21] 94200/135997 pass=93469 fail=731 (11.4/s, eta 61m)
[16:56:26] 94250/135997 pass=93519 fail=731 (11.4/s, eta 61m)
[16:56:30] 94300/135997 pass=93569 fail=731 (11.4/s, eta 61m)
[16:56:34] 94350/135997 pass=93619 fail=731 (11.4/s, eta 61m)
[16:56:38] 94400/135997 pass=93669 fail=731 (11.4/s, eta 61m)
[16:56:42] 94450/135997 pass=93719 fail=731 (11.4/s, eta 61m)
[16:56:46] 94500/135997 pass=93768 fail=732 (11.4/s, eta 61m)
[16:56:50] 94550/135997 pass=93818 fail=732 (11.4/s, eta 61m)
[16:56:54] 94600/135997 pass=93868 fail=732 (11.4/s, eta 61m)
[16:56:58] 94650/135997 pass=93918 fail=732 (11.4/s, eta 60m)
[16:57:02] 94700/135997 pass=93967 fail=733 (11.4/s, eta 60m)
[16:57:05] 94750/135997 pass=94015 fail=735 (11.4/s, eta 60m)
[16:57:10] 94800/135997 pass=94065 fail=735 (11.4/s, eta 60m)
[16:57:15] 94850/135997 pass=94115 fail=735 (11.4/s, eta 60m)
[16:57:19] 94900/135997 pass=94164 fail=736 (11.4/s, eta 60m)
[16:57:24] 94950/135997 pass=94213 fail=737 (11.4/s, eta 60m)
[16:57:28] 95000/135997 pass=94263 fail=737 (11.4/s, eta 60m)
[16:57:32] 95050/135997 pass=94311 fail=739 (11.4/s, eta 60m)
[16:57:37] 95100/135997 pass=94360 fail=740 (11.4/s, eta 60m)
[16:57:41] 95150/135997 pass=94409 fail=741 (11.4/s, eta 60m)
[16:57:44] 95200/135997 pass=94459 fail=741 (11.4/s, eta 60m)
[16:57:48] 95250/135997 pass=94509 fail=741 (11.4/s, eta 60m)
[16:57:52] 95300/135997 pass=94559 fail=741 (11.4/s, eta 60m)
[16:57:56] 95350/135997 pass=94609 fail=741 (11.4/s, eta 59m)
[16:57:59] 95400/135997 pass=94659 fail=741 (11.4/s, eta 59m)
[16:58:03] 95450/135997 pass=94709 fail=741 (11.4/s, eta 59m)
[16:58:08] 95500/135997 pass=94759 fail=741 (11.4/s, eta 59m)
[16:58:11] 95550/135997 pass=94809 fail=741 (11.4/s, eta 59m)
[16:58:15] 95600/135997 pass=94857 fail=743 (11.4/s, eta 59m)
[16:58:19] 95650/135997 pass=94907 fail=743 (11.4/s, eta 59m)
[16:58:23] 95700/135997 pass=94957 fail=743 (11.4/s, eta 59m)
[16:58:27] 95750/135997 pass=95007 fail=743 (11.4/s, eta 59m)
[16:58:31] 95800/135997 pass=95057 fail=743 (11.4/s, eta 59m)
[16:58:35] 95850/135997 pass=95107 fail=743 (11.4/s, eta 59m)
[16:58:39] 95900/135997 pass=95157 fail=743 (11.4/s, eta 59m)
[16:58:44] 95950/135997 pass=95207 fail=743 (11.4/s, eta 59m)
[16:58:48] 96000/135997 pass=95257 fail=743 (11.4/s, eta 58m)
[16:58:52] 96050/135997 pass=95306 fail=744 (11.4/s, eta 58m)
[16:58:56] 96100/135997 pass=95356 fail=744 (11.4/s, eta 58m)
[16:59:00] 96150/135997 pass=95406 fail=744 (11.4/s, eta 58m)
[16:59:04] 96200/135997 pass=95455 fail=745 (11.4/s, eta 58m)
[16:59:07] 96250/135997 pass=95505 fail=745 (11.4/s, eta 58m)
[16:59:11] 96300/135997 pass=95555 fail=745 (11.4/s, eta 58m)
[16:59:15] 96350/135997 pass=95605 fail=745 (11.4/s, eta 58m)
[16:59:19] 96400/135997 pass=95655 fail=745 (11.4/s, eta 58m)
[16:59:23] 96450/135997 pass=95705 fail=745 (11.4/s, eta 58m)
[16:59:27] 96500/135997 pass=95754 fail=746 (11.4/s, eta 58m)
[16:59:31] 96550/135997 pass=95803 fail=747 (11.4/s, eta 58m)
[16:59:35] 96600/135997 pass=95853 fail=747 (11.4/s, eta 58m)
[16:59:39] 96650/135997 pass=95902 fail=748 (11.4/s, eta 57m)
[16:59:43] 96700/135997 pass=95952 fail=748 (11.4/s, eta 57m)
[16:59:47] 96750/135997 pass=96002 fail=748 (11.4/s, eta 57m)
[16:59:50] 96800/135997 pass=96052 fail=748 (11.4/s, eta 57m)
[16:59:54] 96850/135997 pass=96102 fail=748 (11.4/s, eta 57m)
[16:59:58] 96900/135997 pass=96152 fail=748 (11.4/s, eta 57m)
[17:00:02] 96950/135997 pass=96202 fail=748 (11.4/s, eta 57m)
[17:00:06] 97000/135997 pass=96252 fail=748 (11.4/s, eta 57m)
[17:00:10] 97050/135997 pass=96302 fail=748 (11.4/s, eta 57m)
[17:00:14] 97100/135997 pass=96352 fail=748 (11.4/s, eta 57m)
[17:00:18] 97150/135997 pass=96402 fail=748 (11.4/s, eta 57m)
[17:00:22] 97200/135997 pass=96451 fail=749 (11.4/s, eta 57m)
[17:00:26] 97250/135997 pass=96500 fail=750 (11.4/s, eta 57m)
[17:00:30] 97300/135997 pass=96550 fail=750 (11.4/s, eta 56m)
[17:00:34] 97350/135997 pass=96600 fail=750 (11.4/s, eta 56m)
[17:00:37] 97400/135997 pass=96649 fail=751 (11.4/s, eta 56m)
[17:00:41] 97450/135997 pass=96697 fail=753 (11.4/s, eta 56m)
[17:00:44] 97500/135997 pass=96746 fail=754 (11.4/s, eta 56m)
[17:00:49] 97550/135997 pass=96795 fail=755 (11.4/s, eta 56m)
[17:00:53] 97600/135997 pass=96845 fail=755 (11.4/s, eta 56m)
[17:00:57] 97650/135997 pass=96895 fail=755 (11.4/s, eta 56m)
[17:01:02] 97700/135997 pass=96945 fail=755 (11.4/s, eta 56m)
[17:01:06] 97750/135997 pass=96995 fail=755 (11.4/s, eta 56m)
[17:01:10] 97800/135997 pass=97044 fail=756 (11.4/s, eta 56m)
[17:01:14] 97850/135997 pass=97094 fail=756 (11.4/s, eta 56m)
[17:01:19] 97900/135997 pass=97144 fail=756 (11.4/s, eta 56m)
[17:01:23] 97950/135997 pass=97194 fail=756 (11.4/s, eta 56m)
[17:01:27] 98000/135997 pass=97243 fail=757 (11.4/s, eta 55m)
[17:01:31] 98050/135997 pass=97292 fail=758 (11.4/s, eta 55m)
[17:01:36] 98100/135997 pass=97342 fail=758 (11.4/s, eta 55m)
[17:01:39] 98150/135997 pass=97392 fail=758 (11.4/s, eta 55m)
[17:01:43] 98200/135997 pass=97441 fail=759 (11.4/s, eta 55m)
[17:01:47] 98250/135997 pass=97491 fail=759 (11.4/s, eta 55m)
[17:01:51] 98300/135997 pass=97541 fail=759 (11.4/s, eta 55m)
[17:01:54] 98350/135997 pass=97588 fail=762 (11.4/s, eta 55m)
[17:01:58] 98400/135997 pass=97638 fail=762 (11.4/s, eta 55m)
[17:02:02] 98450/135997 pass=97688 fail=762 (11.4/s, eta 55m)
[17:02:06] 98500/135997 pass=97737 fail=763 (11.4/s, eta 55m)
[17:02:09] 98550/135997 pass=97787 fail=763 (11.4/s, eta 55m)
[17:02:14] 98600/135997 pass=97836 fail=764 (11.4/s, eta 55m)
[17:02:18] 98650/135997 pass=97885 fail=765 (11.4/s, eta 54m)
[17:02:22] 98700/135997 pass=97935 fail=765 (11.4/s, eta 54m)
[17:02:27] 98750/135997 pass=97984 fail=766 (11.4/s, eta 54m)
[17:02:31] 98800/135997 pass=98034 fail=766 (11.4/s, eta 54m)
[17:02:35] 98850/135997 pass=98083 fail=767 (11.4/s, eta 54m)
[17:02:39] 98900/135997 pass=98132 fail=768 (11.4/s, eta 54m)
[17:02:43] 98950/135997 pass=98181 fail=769 (11.4/s, eta 54m)
[17:02:48] 99000/135997 pass=98230 fail=770 (11.4/s, eta 54m)
[17:02:51] 99050/135997 pass=98280 fail=770 (11.4/s, eta 54m)
[17:02:55] 99100/135997 pass=98330 fail=770 (11.4/s, eta 54m)
[17:03:00] 99150/135997 pass=98379 fail=771 (11.4/s, eta 54m)
[17:03:04] 99200/135997 pass=98429 fail=771 (11.4/s, eta 54m)
[17:03:08] 99250/135997 pass=98478 fail=772 (11.4/s, eta 54m)
[17:03:13] 99300/135997 pass=98527 fail=773 (11.4/s, eta 53m)
[17:03:17] 99350/135997 pass=98577 fail=773 (11.4/s, eta 53m)
[17:03:21] 99400/135997 pass=98626 fail=774 (11.4/s, eta 53m)
[17:03:24] 99450/135997 pass=98675 fail=775 (11.4/s, eta 53m)
[17:03:28] 99500/135997 pass=98725 fail=775 (11.4/s, eta 53m)
[17:03:32] 99550/135997 pass=98774 fail=776 (11.4/s, eta 53m)
[17:03:36] 99600/135997 pass=98824 fail=776 (11.4/s, eta 53m)
[17:03:40] 99650/135997 pass=98874 fail=776 (11.4/s, eta 53m)
[17:03:43] 99700/135997 pass=98923 fail=777 (11.4/s, eta 53m)
[17:03:47] 99750/135997 pass=98972 fail=778 (11.4/s, eta 53m)
[17:03:51] 99800/135997 pass=99022 fail=778 (11.4/s, eta 53m)
[17:03:55] 99850/135997 pass=99072 fail=778 (11.4/s, eta 53m)
[17:03:59] 99900/135997 pass=99122 fail=778 (11.4/s, eta 53m)
[17:04:04] 99950/135997 pass=99172 fail=778 (11.4/s, eta 52m)
[17:04:08] 100000/135997 pass=99222 fail=778 (11.4/s, eta 52m)
[17:04:12] 100050/135997 pass=99272 fail=778 (11.4/s, eta 52m)
[17:04:16] 100100/135997 pass=99322 fail=778 (11.4/s, eta 52m)
[17:04:20] 100150/135997 pass=99372 fail=778 (11.4/s, eta 52m)
[17:04:24] 100200/135997 pass=99422 fail=778 (11.4/s, eta 52m)
[17:04:28] 100250/135997 pass=99472 fail=778 (11.4/s, eta 52m)
[17:04:32] 100300/135997 pass=99522 fail=778 (11.4/s, eta 52m)
[17:04:36] 100350/135997 pass=99572 fail=778 (11.4/s, eta 52m)
[17:04:40] 100400/135997 pass=99622 fail=778 (11.4/s, eta 52m)
[17:04:44] 100450/135997 pass=99671 fail=779 (11.4/s, eta 52m)
[17:04:47] 100500/135997 pass=99720 fail=780 (11.4/s, eta 52m)
[17:04:51] 100550/135997 pass=99770 fail=780 (11.5/s, eta 52m)
[17:04:55] 100600/135997 pass=99819 fail=781 (11.5/s, eta 52m)
[17:04:59] 100650/135997 pass=99869 fail=781 (11.5/s, eta 51m)
[17:05:03] 100700/135997 pass=99918 fail=782 (11.5/s, eta 51m)
[17:05:08] 100750/135997 pass=99968 fail=782 (11.5/s, eta 51m)
[17:05:12] 100800/135997 pass=100016 fail=784 (11.5/s, eta 51m)
[17:05:16] 100850/135997 pass=100065 fail=785 (11.5/s, eta 51m)
[17:05:20] 100900/135997 pass=100113 fail=787 (11.5/s, eta 51m)
[17:05:24] 100950/135997 pass=100163 fail=787 (11.5/s, eta 51m)
[17:05:28] 101000/135997 pass=100213 fail=787 (11.5/s, eta 51m)
[17:05:33] 101050/135997 pass=100262 fail=788 (11.5/s, eta 51m)
[17:05:37] 101100/135997 pass=100311 fail=789 (11.5/s, eta 51m)
[17:05:41] 101150/135997 pass=100360 fail=790 (11.5/s, eta 51m)
[17:05:45] 101200/135997 pass=100409 fail=791 (11.5/s, eta 51m)
[17:05:50] 101250/135997 pass=100459 fail=791 (11.5/s, eta 51m)
[17:05:54] 101300/135997 pass=100507 fail=793 (11.5/s, eta 50m)
[17:05:57] 101350/135997 pass=100557 fail=793 (11.5/s, eta 50m)
[17:06:02] 101400/135997 pass=100605 fail=795 (11.5/s, eta 50m)
[17:06:05] 101450/135997 pass=100655 fail=795 (11.5/s, eta 50m)
[17:06:09] 101500/135997 pass=100704 fail=796 (11.5/s, eta 50m)
[17:06:13] 101550/135997 pass=100754 fail=796 (11.5/s, eta 50m)
[17:06:17] 101600/135997 pass=100804 fail=796 (11.5/s, eta 50m)
[17:06:21] 101650/135997 pass=100854 fail=796 (11.5/s, eta 50m)
[17:06:25] 101700/135997 pass=100904 fail=796 (11.5/s, eta 50m)
[17:06:30] 101750/135997 pass=100954 fail=796 (11.5/s, eta 50m)
[17:06:33] 101800/135997 pass=101003 fail=797 (11.5/s, eta 50m)
[17:06:38] 101850/135997 pass=101052 fail=798 (11.5/s, eta 50m)
[17:06:42] 101900/135997 pass=101102 fail=798 (11.5/s, eta 50m)
[17:06:46] 101950/135997 pass=101152 fail=798 (11.5/s, eta 50m)
[17:06:50] 102000/135997 pass=101202 fail=798 (11.5/s, eta 49m)
[17:06:55] 102050/135997 pass=101252 fail=798 (11.5/s, eta 49m)
[17:06:59] 102100/135997 pass=101300 fail=800 (11.5/s, eta 49m)
[17:07:03] 102150/135997 pass=101350 fail=800 (11.5/s, eta 49m)
[17:07:07] 102200/135997 pass=101400 fail=800 (11.5/s, eta 49m)
[17:07:11] 102250/135997 pass=101450 fail=800 (11.5/s, eta 49m)
[17:07:15] 102300/135997 pass=101499 fail=801 (11.5/s, eta 49m)
[17:07:19] 102350/135997 pass=101549 fail=801 (11.5/s, eta 49m)
[17:07:23] 102400/135997 pass=101599 fail=801 (11.5/s, eta 49m)
[17:07:27] 102450/135997 pass=101649 fail=801 (11.5/s, eta 49m)
[17:07:31] 102500/135997 pass=101697 fail=803 (11.5/s, eta 49m)
[17:07:34] 102550/135997 pass=101747 fail=803 (11.5/s, eta 49m)
[17:07:38] 102600/135997 pass=101797 fail=803 (11.5/s, eta 49m)
[17:07:41] 102650/135997 pass=101846 fail=804 (11.5/s, eta 48m)
[17:07:45] 102700/135997 pass=101896 fail=804 (11.5/s, eta 48m)
[17:07:49] 102750/135997 pass=101946 fail=804 (11.5/s, eta 48m)
[17:07:54] 102800/135997 pass=101995 fail=805 (11.5/s, eta 48m)
[17:07:58] 102850/135997 pass=102045 fail=805 (11.5/s, eta 48m)
[17:08:01] 102900/135997 pass=102095 fail=805 (11.5/s, eta 48m)
[17:08:05] 102950/135997 pass=102143 fail=807 (11.5/s, eta 48m)
[17:08:10] 103000/135997 pass=102193 fail=807 (11.5/s, eta 48m)
[17:08:14] 103050/135997 pass=102243 fail=807 (11.5/s, eta 48m)
[17:08:18] 103100/135997 pass=102292 fail=808 (11.5/s, eta 48m)
[17:08:22] 103150/135997 pass=102342 fail=808 (11.5/s, eta 48m)
[17:08:27] 103200/135997 pass=102392 fail=808 (11.5/s, eta 48m)
[17:08:31] 103250/135997 pass=102442 fail=808 (11.5/s, eta 48m)
[17:08:35] 103300/135997 pass=102491 fail=809 (11.5/s, eta 48m)
[17:08:38] 103350/135997 pass=102540 fail=810 (11.5/s, eta 47m)
[17:08:42] 103400/135997 pass=102590 fail=810 (11.5/s, eta 47m)
[17:08:46] 103450/135997 pass=102640 fail=810 (11.5/s, eta 47m)
[17:08:50] 103500/135997 pass=102690 fail=810 (11.5/s, eta 47m)
[17:08:54] 103550/135997 pass=102740 fail=810 (11.5/s, eta 47m)
[17:08:57] 103600/135997 pass=102790 fail=810 (11.5/s, eta 47m)
[17:09:01] 103650/135997 pass=102840 fail=810 (11.5/s, eta 47m)
[17:09:04] 103700/135997 pass=102890 fail=810 (11.5/s, eta 47m)
[17:09:08] 103750/135997 pass=102940 fail=810 (11.5/s, eta 47m)
[17:09:12] 103800/135997 pass=102990 fail=810 (11.5/s, eta 47m)
[17:09:16] 103850/135997 pass=103039 fail=811 (11.5/s, eta 47m)
[17:09:20] 103900/135997 pass=103088 fail=812 (11.5/s, eta 47m)
[17:09:24] 103950/135997 pass=103137 fail=813 (11.5/s, eta 47m)
[17:09:28] 104000/135997 pass=103184 fail=816 (11.5/s, eta 46m)
[17:09:32] 104050/135997 pass=103234 fail=816 (11.5/s, eta 46m)
[17:10:06] 104100/135997 pass=103280 fail=820 (11.4/s, eta 46m)
[17:10:09] 104150/135997 pass=103322 fail=828 (11.4/s, eta 46m)
[17:10:13] 104200/135997 pass=103371 fail=829 (11.4/s, eta 46m)
[17:10:17] 104250/135997 pass=103421 fail=829 (11.4/s, eta 46m)
[17:10:21] 104300/135997 pass=103471 fail=829 (11.4/s, eta 46m)
[17:10:25] 104350/135997 pass=103521 fail=829 (11.4/s, eta 46m)
[17:10:28] 104400/135997 pass=103571 fail=829 (11.4/s, eta 46m)
[17:10:32] 104450/135997 pass=103621 fail=829 (11.5/s, eta 46m)
[17:10:36] 104500/135997 pass=103671 fail=829 (11.5/s, eta 46m)
[17:10:39] 104550/135997 pass=103721 fail=829 (11.5/s, eta 46m)
[17:10:43] 104600/135997 pass=103771 fail=829 (11.5/s, eta 46m)
[17:10:47] 104650/135997 pass=103821 fail=829 (11.5/s, eta 46m)
[17:10:51] 104700/135997 pass=103871 fail=829 (11.5/s, eta 46m)
[17:10:55] 104750/135997 pass=103921 fail=829 (11.5/s, eta 45m)
[17:10:59] 104800/135997 pass=103970 fail=830 (11.5/s, eta 45m)
[17:11:04] 104850/135997 pass=104017 fail=833 (11.5/s, eta 45m)
[17:11:09] 104900/135997 pass=104066 fail=834 (11.5/s, eta 45m)
[17:11:13] 104950/135997 pass=104116 fail=834 (11.5/s, eta 45m)
[17:11:17] 105000/135997 pass=104166 fail=834 (11.5/s, eta 45m)
[17:11:20] 105050/135997 pass=104216 fail=834 (11.5/s, eta 45m)
[17:11:28] 105100/135997 pass=104266 fail=834 (11.5/s, eta 45m)
[17:11:32] 105150/135997 pass=104315 fail=835 (11.5/s, eta 45m)
[17:11:36] 105200/135997 pass=104365 fail=835 (11.5/s, eta 45m)
[17:11:40] 105250/135997 pass=104415 fail=835 (11.5/s, eta 45m)
[17:11:44] 105300/135997 pass=104465 fail=835 (11.5/s, eta 45m)
[17:11:48] 105350/135997 pass=104515 fail=835 (11.5/s, eta 45m)
[17:11:51] 105400/135997 pass=104565 fail=835 (11.5/s, eta 45m)
[17:11:55] 105450/135997 pass=104615 fail=835 (11.5/s, eta 44m)
[17:11:59] 105500/135997 pass=104665 fail=835 (11.5/s, eta 44m)
[17:12:02] 105550/135997 pass=104715 fail=835 (11.5/s, eta 44m)
[17:12:06] 105600/135997 pass=104765 fail=835 (11.5/s, eta 44m)
[17:12:09] 105650/135997 pass=104813 fail=837 (11.5/s, eta 44m)
[17:12:13] 105700/135997 pass=104863 fail=837 (11.5/s, eta 44m)
[17:12:17] 105750/135997 pass=104913 fail=837 (11.5/s, eta 44m)
[17:12:20] 105800/135997 pass=104963 fail=837 (11.5/s, eta 44m)
[17:12:25] 105850/135997 pass=105012 fail=838 (11.5/s, eta 44m)
[17:12:29] 105900/135997 pass=105062 fail=838 (11.5/s, eta 44m)
[17:12:33] 105950/135997 pass=105112 fail=838 (11.5/s, eta 44m)
[17:12:37] 106000/135997 pass=105162 fail=838 (11.5/s, eta 44m)
[17:12:41] 106050/135997 pass=105211 fail=839 (11.5/s, eta 44m)
[17:12:45] 106100/135997 pass=105261 fail=839 (11.5/s, eta 43m)
[17:12:49] 106150/135997 pass=105311 fail=839 (11.5/s, eta 43m)
[17:12:53] 106200/135997 pass=105361 fail=839 (11.5/s, eta 43m)
[17:12:58] 106250/135997 pass=105411 fail=839 (11.5/s, eta 43m)
[17:13:02] 106300/135997 pass=105461 fail=839 (11.5/s, eta 43m)
[17:13:06] 106350/135997 pass=105511 fail=839 (11.5/s, eta 43m)
[17:13:10] 106400/135997 pass=105561 fail=839 (11.5/s, eta 43m)
[17:13:14] 106450/135997 pass=105611 fail=839 (11.5/s, eta 43m)
[17:13:18] 106500/135997 pass=105661 fail=839 (11.5/s, eta 43m)
[17:13:21] 106550/135997 pass=105709 fail=841 (11.5/s, eta 43m)
[17:13:25] 106600/135997 pass=105759 fail=841 (11.5/s, eta 43m)
[17:13:29] 106650/135997 pass=105809 fail=841 (11.5/s, eta 43m)
[17:13:32] 106700/135997 pass=105858 fail=842 (11.5/s, eta 43m)
[17:19:45] 106750/135997 pass=105907 fail=843 (11.0/s, eta 44m)
[17:19:49] 106800/135997 pass=105957 fail=843 (11.0/s, eta 44m)
[17:19:54] 106850/135997 pass=106006 fail=844 (11.0/s, eta 44m)
[17:19:57] 106900/135997 pass=106055 fail=845 (11.0/s, eta 44m)
[17:20:01] 106950/135997 pass=106105 fail=845 (11.0/s, eta 44m)
[17:20:05] 107000/135997 pass=106154 fail=846 (11.0/s, eta 44m)
[17:20:08] 107050/135997 pass=106204 fail=846 (11.0/s, eta 44m)
[17:20:12] 107100/135997 pass=106254 fail=846 (11.0/s, eta 44m)
[17:20:15] 107150/135997 pass=106303 fail=847 (11.0/s, eta 44m)
[17:20:19] 107200/135997 pass=106353 fail=847 (11.0/s, eta 43m)
[17:20:32] 107250/135997 pass=106402 fail=848 (11.0/s, eta 43m)
[17:20:50] 107300/135997 pass=106452 fail=848 (11.0/s, eta 43m)
[17:21:09] 107350/135997 pass=106502 fail=848 (11.0/s, eta 43m)
[17:21:29] 107400/135997 pass=106552 fail=848 (11.0/s, eta 43m)
[17:21:47] 107450/135997 pass=106602 fail=848 (11.0/s, eta 43m)
[17:22:05] 107500/135997 pass=106652 fail=848 (11.0/s, eta 43m)
[17:22:25] 107550/135997 pass=106701 fail=849 (10.9/s, eta 43m)
[17:22:41] 107600/135997 pass=106751 fail=849 (10.9/s, eta 43m)
[17:22:59] 107650/135997 pass=106801 fail=849 (10.9/s, eta 43m)
[17:23:17] 107700/135997 pass=106851 fail=849 (10.9/s, eta 43m)
[17:23:33] 107750/135997 pass=106899 fail=851 (10.9/s, eta 43m)
[17:23:49] 107800/135997 pass=106948 fail=852 (10.9/s, eta 43m)
[17:24:05] 107850/135997 pass=106998 fail=852 (10.9/s, eta 43m)
[17:24:23] 107900/135997 pass=107047 fail=853 (10.8/s, eta 43m)
[17:24:43] 107950/135997 pass=107097 fail=853 (10.8/s, eta 43m)
[17:25:02] 108000/135997 pass=107147 fail=853 (10.8/s, eta 43m)
[17:25:20] 108050/135997 pass=107196 fail=854 (10.8/s, eta 43m)
[17:25:37] 108100/135997 pass=107246 fail=854 (10.8/s, eta 43m)
[17:25:54] 108150/135997 pass=107296 fail=854 (10.8/s, eta 43m)
[17:26:10] 108200/135997 pass=107346 fail=854 (10.8/s, eta 43m)
[17:26:29] 108250/135997 pass=107395 fail=855 (10.7/s, eta 43m)
[17:26:49] 108300/135997 pass=107445 fail=855 (10.7/s, eta 43m)
[17:27:09] 108350/135997 pass=107494 fail=856 (10.7/s, eta 43m)
[17:27:27] 108400/135997 pass=107543 fail=857 (10.7/s, eta 43m)
[17:27:45] 108450/135997 pass=107593 fail=857 (10.7/s, eta 43m)
[17:28:02] 108500/135997 pass=107643 fail=857 (10.7/s, eta 43m)
[17:28:20] 108550/135997 pass=107692 fail=858 (10.7/s, eta 43m)
[17:28:38] 108600/135997 pass=107742 fail=858 (10.6/s, eta 43m)
[17:28:54] 108650/135997 pass=107792 fail=858 (10.6/s, eta 43m)
[17:29:12] 108700/135997 pass=107841 fail=859 (10.6/s, eta 43m)
[17:29:28] 108750/135997 pass=107889 fail=861 (10.6/s, eta 43m)
[17:29:46] 108800/135997 pass=107939 fail=861 (10.6/s, eta 43m)
[17:30:03] 108850/135997 pass=107988 fail=862 (10.6/s, eta 43m)
[17:30:20] 108900/135997 pass=108037 fail=863 (10.6/s, eta 43m)
[17:30:39] 108950/135997 pass=108087 fail=863 (10.5/s, eta 43m)
[17:30:57] 109000/135997 pass=108136 fail=864 (10.5/s, eta 43m)
[17:31:14] 109050/135997 pass=108186 fail=864 (10.5/s, eta 43m)
[17:31:30] 109100/135997 pass=108236 fail=864 (10.5/s, eta 43m)
[17:31:46] 109150/135997 pass=108286 fail=864 (10.5/s, eta 43m)
[17:32:03] 109200/135997 pass=108336 fail=864 (10.5/s, eta 43m)
[17:32:21] 109250/135997 pass=108385 fail=865 (10.5/s, eta 43m)
[17:32:40] 109300/135997 pass=108435 fail=865 (10.5/s, eta 43m)
[17:33:00] 109350/135997 pass=108485 fail=865 (10.4/s, eta 43m)
[17:33:18] 109400/135997 pass=108534 fail=866 (10.4/s, eta 42m)
[17:33:35] 109450/135997 pass=108581 fail=869 (10.4/s, eta 42m)
[17:33:50] 109500/135997 pass=108629 fail=871 (10.4/s, eta 42m)
[17:34:06] 109550/135997 pass=108678 fail=872 (10.4/s, eta 42m)
[17:34:22] 109600/135997 pass=108728 fail=872 (10.4/s, eta 42m)
[17:34:39] 109650/135997 pass=108777 fail=873 (10.4/s, eta 42m)
                                                                                                                                